어린이집명,시도명,시군구명,어린이집유형구분,정원수,보육교직원수,소재지도로명주소,어린이집전화번호,어린이집팩스번호,보육실수,놀이터수,CCTV설치수,통학차량운영여부,홈페이지주소,데이터기준일자
e편한세상어린이집,전라북도,전주시 완산구,민간,26,6,"전라북도 전주시 완산구 여울로 161 관리동(서신동, e편한세상)",063-251-2131,,,0,4,,,2020-10-31
NPS국민연금어린이집,전라북도,전주시 덕진구,직장,110,18,전라북도 전주시 덕진구 기지로 180,063-713-6888,,,1,20,,,2020-10-31
SK뷰 생글어린이집,전라북도,전주시 완산구,민간,45,8,"전라북도 전주시 완산구 태평2길 22 관리동(태평동, 태평SKVIEW)",063-277-4879,,,0,8,,,2020-10-31
가나어린이집,전라북도,전주시 덕진구,민간,30,8,전라북도 전주시 덕진구 안덕원1길 41 (우아동3가),063-244-1355,,,0,7,,,2020-10-31
가람어린이집,전라북도,전주시 완산구,민간,39,3,전라북도 전주시 완산구 정동길 1-8 (삼천동2가),063-229-6775,,,0,0,,,2020-10-31
가온길어린이집,전라북도,전주시 덕진구,민간,49,8,전라북도 전주시 덕진구 견훤왕궁로 251 (인후동2가) 1524-29,063-245-9482,,,0,8,,,2020-10-31
가온어린이집,전라북도,전주시 덕진구,가정,20,5,"전라북도 전주시 덕진구 천마산로 100 109동 103호(송천동1가, 진흥더블파크)",063-278-8152,,,0,4,,,2020-10-31
가은어린이집,전라북도,전주시 완산구,민간,31,6,"전라북도 전주시 완산구 삼천천변1길 46 관리동(삼천동1가, 흥건삼천1차)",063-226-7563,,,0,5,,,2020-10-31
개구쟁이어린이집,전라북도,전주시 완산구,가정,20,3,전라북도 전주시 완산구 하거마4길 16 (삼천동1가),063-226-4352,,,0,5,,,2020-10-31
거북이어린이집,전라북도,전주시 덕진구,가정,20,6,"전라북도 전주시 덕진구 호성동1가 호성로 40 105동 105호(호성동1가,엘지동아)",063-242-8211,,,0,4,,,2020-10-31
고감도어린이집,전라북도,전주시 완산구,민간,105,16,전라북도 전주시 완산구 양지2길 5 (평화동2가),063-222-1837,,,1,15,,,2020-10-31
고운손가정어린이집,전라북도,전주시 덕진구,가정,19,5,"전라북도 전주시 덕진구 솔내로 142 102동 107호(송천동1가, 송천신일)",063-273-0950,,,0,4,,,2020-10-31
고운엄마품어린이집,전라북도,전주시 완산구,가정,13,6,"전라북도 전주시 완산구 거마평로 109 102동 101호(효자동1가, 제일효자)",063-227-4888,,,0,4,,,2020-10-31
고운하늘어린이집,전라북도,전주시 덕진구,가정,13,4,"전라북도 전주시 덕진구 무삼지로 32 203동 104호(인후동1가, 인후꿈마을부영2차아파트)",063-243-2963,,,0,4,,,2020-10-31
곤지곤지어린이집,전라북도,전주시 완산구,가정,13,3,"전라북도 전주시 완산구 평화로 100 213동 104호(평화동2가, 주공그린2단지)",063-237-5757,,,0,4,,,2020-10-31
골드키즈어린이집,전라북도,전주시 덕진구,가정,20,5,"전라북도 전주시 덕진구 만성로 181 109동 103호(만성동, 골드클래스)",063-211-6881,,,0,4,,,2020-10-31
골든팰리스어린이집,전라북도,전주시 완산구,민간,21,4,"전라북도 전주시 완산구 호암로 40 관리동(효자동2가, 골든팰리스휴먼시아)",063-902-2664,,,0,4,,,2020-10-31
광명어린이집,전라북도,전주시 덕진구,사회복지법인,98,13,전라북도 전주시 덕진구 솔내7길 39-2,063-254-2063,,,1,10,,,2020-10-31
광민어린이집,전라북도,전주시 완산구,법인·단체,46,8,전라북도 전주시 완산구 중산1길 12-4 (중화산동2가),063-224-8578,,,0,6,,,2020-10-31
교동원광어린이집,전라북도,전주시 완산구,법인·단체,78,14,전라북도 전주시 완산구 오목대길 76 (교동),063-285-3158,,,1,13,,,2020-10-31
국민연금어린이집,전라북도,전주시 완산구,민간,58,9,전라북도 전주시 완산구 온고을로 13 (서신동),063-278-8280,,,1,5,,,2020-10-31
굿모닝어린이집,전라북도,전주시 완산구,민간,99,15,전라북도 전주시 완산구 소대배기로 18-28 (평화동2가),063-228-2340,,,1,13,,,2020-10-31
궁전아가어린이집,전라북도,전주시 덕진구,가정,14,2,"전라북도 전주시 덕진구 백동5길 28 나동 201호(인후동2가, 한양운남아파트)",063-247-2028,,,0,3,,,2020-10-31
귀염둥이어린이집,전라북도,전주시 덕진구,가정,19,5,"전라북도 전주시 덕진구 송천로 31 101동 103호(송천동1가, 서호1차아파트)",063-276-1275,,,0,4,,,2020-10-31
그린별어린이집,전라북도,전주시 완산구,가정,20,6,"전라북도 전주시 완산구 영경1길 25 103동 101호(중화산동2가, 우성근영타운)",063-223-4558,,,0,4,,,2020-10-31
그린어린이집,전라북도,전주시 덕진구,민간,99,12,전라북도 전주시 덕진구 용신길 19-3,063-212-6700,,,1,14,,,2020-10-31
그린예꿈어린이집,전라북도,전주시 완산구,민간,31,3,"전라북도 전주시 완산구 평화로 100 관리동(평화동2가, 주공그린2단지)",063-229-0636,,,0,5,,,2020-10-31
그림나라어린이집,전라북도,전주시 덕진구,민간,37,8,전라북도 전주시 덕진구 와룡2길 5 그림나라 어린이집,063-275-2632,,,0,6,,,2020-10-31
금모래숲속어린이집,전라북도,전주시 완산구,가정,19,4,"전라북도 전주시 완산구 평화동2가 양지3길 25 103동 101호(평화동2가,평화엠코타운)",063-902-4933,,,0,4,,,2020-10-31
금빛또래어린이집,전라북도,전주시 완산구,가정,13,4,"전라북도 전주시 완산구 백제대로 31 6동 107호(삼천동1가, 신일)",063-282-3372,,,0,4,,,2020-10-31
금상어린이집,전라북도,전주시 덕진구,사회복지법인,99,12,전라북도 전주시 덕진구 삼거2길 4 (금상동),063-242-2166,,,1,9,,,2020-10-31
금호리베폴어린이집,전라북도,전주시 완산구,가정,19,3,전라북도 전주시 완산구 효자동1가 효동3길 33 6동 105호(금호아파트),063-223-2281,,,0,4,,,2020-10-31
까르르어린이집,전라북도,전주시 완산구,가정,19,5,"전라북도 전주시 완산구 양지1길 16-3 101동 101호(평화동2가, 두산푸른솔)",063-223-0068,,,0,4,,,2020-10-31
꺼야마을어린이집,전라북도,전주시 완산구,사회복지법인,99,13,전라북도 전주시 완산구 중인1길 134-17 (중인동),063-222-7051,,,1,10,,,2020-10-31
꼬꼬마어린이집,전라북도,전주시 덕진구,가정,20,6,"전라북도 전주시 덕진구 시천로 29-30 104동 101호(송천동1가, 한양)",063-275-0151,,,0,4,,,2020-10-31
꼬마EQ어린이집,전라북도,전주시 덕진구,가정,19,5,"전라북도 전주시 덕진구 인후동1가 한배미로 5 101동 101호(인후동1가,아중마을아남아파트)",063-245-8158,,,0,4,,,2020-10-31
꼬마꿈어린이집,전라북도,전주시 완산구,가정,20,2,전라북도 전주시 완산구 하거마6길 14-4 (삼천동1가),063-225-7543,,,0,6,,,2020-10-31
꼬마대통령어린이집,전라북도,전주시 완산구,가정,19,4,"전라북도 전주시 완산구 평화동2가 평화로 95 102동 101호(평화동2가, 호반리젠시빌)",063-903-1826,,,0,4,,,2020-10-31
꼬마들세상 어린이집,전라북도,전주시 완산구,가정,20,2,"전라북도 전주시 완산구 덕적골1길 14 나동 101호(평화동1가, 극동)",063-236-8281,,,0,4,,,2020-10-31
꼬마또래어린이집,전라북도,전주시 완산구,가정,19,6,"전라북도 전주시 완산구 거마평로 125 102동 103호(효자동1가, 상산타운)",063-226-3950,,,0,4,,,2020-10-31
꼬마또래어린이집,전라북도,전주시 덕진구,가정,20,2,전라북도 전주시 덕진구 백동5길 19 (인후동2가),063-246-0658,,,0,5,,,2020-10-31
꼬마랑어린이집,전라북도,전주시 덕진구,가정,13,3,"전라북도 전주시 덕진구 한배미로 33 502동 108호(인후동1가, 부영5차아파트)",063-245-6617,,,0,4,,,2020-10-31
꼬마벼리어린이집,전라북도,전주시 완산구,가정,13,5,"전라북도 전주시 완산구 새터로 74 103동 108호(서신동, 중흥)",063-255-5667,,,0,4,,,2020-10-31
꼬마별어린이집,전라북도,전주시 덕진구,가정,17,3,"전라북도 전주시 덕진구 반월5길 8 103동 101호(반월동, 삼오아파트)",063-211-2442,,,0,4,,,2020-10-31
꼬마삐삐어린이집,전라북도,전주시 완산구,가정,13,1,"전라북도 전주시 완산구 당산로 11 601동 103호(서신동, 서신쌍용)",063-276-6612,,,0,3,,,2020-10-31
꼬마세상어린이집,전라북도,전주시 덕진구,민간,24,5,전라북도 전주시 덕진구 쪽구름로 19 제일아파트 관리동내,063-212-2057,,,0,4,,,2020-10-31
꼬마숲나라어린이집,전라북도,전주시 완산구,가정,19,3,"전라북도 전주시 완산구 흑석로 31 102동 103호(서서학동, 신용고궁맨션)",063-902-6863,,,0,4,,,2020-10-31
꼬마숲어린이집,전라북도,전주시 덕진구,가정,19,5,"전라북도 전주시 덕진구 송천동2가 천마산로 115 201동 103호(송천동2가, 한라비발디2단지아파트)",063-902-0052,,,0,4,,,2020-10-31
꼬마스타어린이집,전라북도,전주시 완산구,가정,20,4,전라북도 전주시 완산구 효자동2가 소태정4길 23-4 (효자동2가),063-282-2922,,,0,4,,,2020-10-31
꼬마요정어린이집,전라북도,전주시 덕진구,가정,20,5,"전라북도 전주시 덕진구 호성로 132 103동 101호(호성동1가, 진흥더블파크1단지)",063-901-3722,,,0,4,,,2020-10-31
꼬마짱어린이집,전라북도,전주시 덕진구,가정,20,5,"전라북도 전주시 덕진구 두간6길 7 103동 106호(송천동1가, 케이제이라미안)",063-272-8400,,,0,4,,,2020-10-31
꼬마천사가정어린이집,전라북도,전주시 덕진구,가정,20,6,"전라북도 전주시 덕진구 안덕원로 251 103동 101호(인후동1가, 인후동한신휴플러스)",063-242-1836,,,0,4,,,2020-10-31
꼬미꼬미어린이집,전라북도,전주시 덕진구,민간,30,10,전라북도 전주시 덕진구 인후동1가 석소로 55 현대아파트 관리동내,063-245-3502,,,0,4,,,2020-10-31
꽃가람어린이집,전라북도,전주시 덕진구,가정,20,6,"전라북도 전주시 덕진구 오공로 70 102동 101호(중동, 우미린 1차)",063-902-2613,,,0,4,,,2020-10-31
꽃들어린이집,전라북도,전주시 덕진구,가정,17,6,"전라북도 전주시 덕진구 와룡로 42 204동 103호(송천동2가, 쌍용2차)",063-254-7767,,,0,4,,,2020-10-31
꽃사슴어린이집,전라북도,전주시 덕진구,가정,19,5,"전라북도 전주시 덕진구 송천동2가 와룡2길 7 103동 105호(송천동2가, 솔내마을동아)",063-253-3409,,,0,4,,,2020-10-31
꽃잔디어린이집,전라북도,전주시 완산구,가정,20,7,"전라북도 전주시 완산구 당산로 101 108동 102호(서신동, 서신동아아파트)",063-277-0422,,,0,5,,,2020-10-31
꿈꾸는어린이집,전라북도,전주시 완산구,가정,20,5,"전라북도 전주시 완산구 당산로 34 102동 106호(서신동, 비사벌)",063-278-4244,,,0,4,,,2020-10-31
꿈나래어린이집,전라북도,전주시 완산구,민간,33,4,전라북도 전주시 완산구 전룡5길 24-14 (서신동),063-251-6696,,,0,6,,,2020-10-31
꿈동이어린이집,전라북도,전주시 덕진구,가정,13,5,전라북도 전주시 덕진구 사근1길 11 현대3차 309/108 꿈동이어린이집,063-275-1873,,,0,4,,,2020-10-31
꿈망울어린이집,전라북도,전주시 완산구,민간,28,7,"전라북도 전주시 완산구 소대배기로 33 관리동(평화동2가, 현대)",063-228-2460,,,0,5,,,2020-10-31
꿈별어린이집,전라북도,전주시 완산구,가정,12,3,"전라북도 전주시 완산구 서곡로 34 103동 103호(효자동3가, 청솔)",063-274-3466,,,0,3,,,2020-10-31
꿈사랑어린이나라어린이집,전라북도,전주시 완산구,민간,99,15,전라북도 전주시 완산구 화산천변3길 15-5 (중화산동2가),063-229-7766,,,1,8,,,2020-10-31
꿈샘어린이집,전라북도,전주시 완산구,가정,18,5,"전라북도 전주시 완산구 덕적골1길 33 103동 106호(평화동1가, 한성)",063-901-6552,,,0,4,,,2020-10-31
꿈속어린이집,전라북도,전주시 완산구,가정,19,3,"전라북도 전주시 완산구 평화동2가 맏내1길 5 102동 104호(평화동2가, 우성신성타운A)",063-225-6544,,,0,4,,,2020-10-31
꿈에그린어린이집,전라북도,전주시 완산구,민간,28,4,"전라북도 전주시 완산구 구이로 2094 단지내(평화동2가, 평화주공그린타운)",063-227-3888,,,0,4,,,2020-10-31
꿈오름 어린이집,전라북도,전주시 완산구,가정,14,5,"전라북도 전주시 완산구 솟대로 10 5동 108호(삼천동1가, 우성아파트)",063-227-1945,,,0,3,,,2020-10-31
꿈이있는어린이집,전라북도,전주시 완산구,가정,20,4,"전라북도 전주시 완산구 평화로 181 7동 103호(평화동1가, 코오롱)",063-225-2046,,,0,4,,,2020-10-31
꿈이크는어린이집,전라북도,전주시 덕진구,민간,71,10,전라북도 전주시 덕진구 송천동1가 솔내2길 73,063-277-0085,,,1,14,,,2020-10-31
꿈초롱어린이집,전라북도,전주시 덕진구,가정,19,3,"전라북도 전주시 덕진구 쪽구름로 19 102동 102호(여의동, 제일)",063-214-5351,,,0,4,,,2020-10-31
나래어린이집,전라북도,전주시 완산구,가정,13,3,"전라북도 전주시 완산구 온고을로 119 105동 102호(서신동, 신일)",063-231-9468,,,0,4,,,2020-10-31
나래울어린이집,전라북도,전주시 덕진구,민간,23,7,전라북도 전주시 덕진구 쪽구름5길 43-7 동산동골드클래스아파트 보육시설,063-214-3116,,,0,4,,,2020-10-31
나무숲어린이집,전라북도,전주시 완산구,가정,20,5,전라북도 전주시 완산구 용호로 147 (효자동3가),070-4274-1569,,,0,4,,,2020-10-31
나은어린이집,전라북도,전주시 덕진구,가정,19,6,"전라북도 전주시 덕진구 석소로 77 109동 104호(인후동1가, 아중대우1차아파트)",063-245-7123,,,0,4,,,2020-10-31
남복원광어린이집,전라북도,전주시 완산구,사회복지법인,99,12,전라북도 전주시 완산구 평화6길 22 (평화동2가),063-227-5413,,,1,10,,,2020-10-31
남양사랑나무어린이집,전라북도,전주시 덕진구,민간,39,8,전라북도 전주시 덕진구 팔복동2가 팔복1길 6 남양아파트 관리동 2층,063-211-7211,,,0,6,,,2020-10-31
노리숲어린이집,전라북도,전주시 완산구,가정,19,5,"전라북도 전주시 완산구 삼천동1가 강변로 98 102동 102호(삼천동1가, 신일강변)",063-211-1330,,,0,4,,,2020-10-31
노리키즈어린이집,전라북도,전주시 덕진구,민간,39,11,"전라북도 전주시 덕진구 덕진동2가 가리내6길 10-5 (덕진동2가, 664-5)",063-276-5258,,,0,5,,,2020-10-31
노아어린이집,전라북도,전주시 완산구,가정,18,5,"전라북도 전주시 완산구 안행2길 26 104동 104호(효자동1가, 대림)",063-224-8912,,,0,4,,,2020-10-31
농촌진흥청어린이집,전라북도,전주시 덕진구,직장,250,37,전라북도 전주시 덕진구 농생명로 300-1 (중동) 농촌진흥청,063-238-1350,,,1,31,,,2020-10-31
늘푸른동산어린이집,전라북도,전주시 완산구,가정,20,6,"전라북도 전주시 완산구 따박골로 11 2동 110호(중화산동2가, 거성그린맨션)",063-904-3393,,,0,4,,,2020-10-31
늘푸른어린이집,전라북도,전주시 덕진구,가정,13,4,"전라북도 전주시 덕진구 천마산로 33 207동 104호(송천동2가, 송천주공2차아파트)",063-904-4001,,,0,4,,,2020-10-31
늘픔어린이집,전라북도,전주시 완산구,민간,67,12,전라북도 전주시 완산구 어은로 33-3 (중화산동2가),063-227-9397,,,1,8,,,2020-10-31
늘행복한어린이집,전라북도,전주시 덕진구,가정,13,4,"전라북도 전주시 덕진구 한배미로 33 505동 107호(인후동1가, 아중마을부영5차아파트)",063-242-1800,,,0,4,,,2020-10-31
다온어린이집,전라북도,전주시 덕진구,민간,36,6,전라북도 전주시 덕진구 숲정이2길 14 (진북동),063-277-5877,,,1,6,,,2020-10-31
다정어린이집,전라북도,전주시 완산구,가정,19,3,"전라북도 전주시 완산구 삼천천변3길 20 101동 105호(삼천동1가, 호반리젠시빌)",063-221-8044,,,0,4,,,2020-10-31
다지가정어린이집,전라북도,전주시 덕진구,가정,20,4,"전라북도 전주시 덕진구 가리내로 550 107동 107호(송천동1가, 한양아파트)",063-252-0440,,,0,4,,,2020-10-31
대자인병원어린이집,전라북도,전주시 덕진구,직장,20,5,전라북도 전주시 덕진구 우아동3가 도당산1길 21-1,063-246-3004,,,0,6,,,2020-10-31
대창가정어린이집,전라북도,전주시 완산구,가정,19,3,"전라북도 전주시 완산구 새터로 100 104동 104호(서신동, 대우대창)",063-272-7795,,,0,4,,,2020-10-31
더블파크 어린이집,전라북도,전주시 덕진구,가정,16,6,"전라북도 전주시 덕진구 호성동2가 호성로 170 312/102 (호성동2가, 진흥더블파크)",063-252-6643,,,0,4,,,2020-10-31
더샵키즈어린이집,전라북도,전주시 덕진구,가정,20,5,전라북도 전주시 덕진구 송천동2가 세병로 175 1005동 104호(에코시티더샵2차),063-255-4034,,,0,4,,,2020-10-31
더자람어린이집,전라북도,전주시 덕진구,민간,87,6,전라북도 전주시 덕진구 아중1길 9-5,063-714-2205,,,1,11,,,2020-10-31
더조은어린이집,전라북도,전주시 덕진구,민간,288,38,전라북도 전주시 덕진구 솔내5길 18 (송천동1가),063-251-9534,,,1,33,,,2020-10-31
더큰빛어린이집,전라북도,전주시 완산구,민간,30,4,"전라북도 전주시 완산구 서곡로 20-1 관리동(효자동3가, 서곡두산)",063-276-0094,,,0,4,,,2020-10-31
덕진파랑새어린이집,전라북도,전주시 덕진구,민간,89,7,전라북도 전주시 덕진구 원반월안길 19-4,063-211-5583,,,1,14,,,2020-10-31
도담도담어린이집,전라북도,전주시 완산구,가정,13,4,"전라북도 전주시 완산구 강변로 120 101동 107호(효자동1가, 한강)",063-222-2235,,,0,4,,,2020-10-31
도담아이어린이집,전라북도,전주시 완산구,가정,20,6,"전라북도 전주시 완산구 삼천천변1길 45 201동 103호(삼천동1가, 흥건)",063-228-1239,,,0,5,,,2020-10-31
도담어린이집,전라북도,전주시 완산구,민간,42,9,"전라북도 전주시 완산구 화산천변로 50 관리사무소내 (중화산동2가, 현대에코르)",063-224-4311,,,0,6,,,2020-10-31
도래샘어린이집,전라북도,전주시 완산구,가정,19,6,"전라북도 전주시 완산구 새터로 100 101동 103호(서신동, 대우대창)",063-901-7404,,,0,4,,,2020-10-31
도토리어린이집,전라북도,전주시 덕진구,가정,20,3,"전라북도 전주시 덕진구 오공로 71 106동 104호(중동, 호반베르디움아파트)",063-222-5266,,,0,4,,,2020-10-31
도화어린이집,전라북도,전주시 완산구,가정,13,3,"전라북도 전주시 완산구 용리로 162 104동 101호(삼천동1가, 개나리아파트)",063-226-4235,,,0,4,,,2020-10-31
동그라미어린이집,전라북도,전주시 덕진구,사회복지법인,77,16,전라북도 전주시 덕진구 인후동1가 석소로 55 858-2번지,063-244-5555,,,1,8,,,2020-10-31
동심어린이집,전라북도,전주시 덕진구,민간,200,26,전라북도 전주시 덕진구 원고랑1길 13 (고랑동),063-212-1754,,,1,19,,,2020-10-31
동아어린이집,전라북도,전주시 완산구,가정,13,2,"전라북도 전주시 완산구 새터로 95 106동 101호(서신동, 동아한일)",063-274-2880,,,0,4,,,2020-10-31
동현어린이집,전라북도,전주시 덕진구,민간,82,12,전라북도 전주시 덕진구 명주1길 31-5,063-246-9198,,,1,9,,,2020-10-31
동화나라어린이집,전라북도,전주시 덕진구,가정,10,3,"전라북도 전주시 덕진구 기린대로 1018-7 103동 106호(여의동, 공영)",063-286-6168,,,0,3,,,2020-10-31
동화세상 어린이집,전라북도,전주시 완산구,민간,67,9,전라북도 전주시 완산구 양지3길 33-21,063-222-2728,,,1,7,,,2020-10-31
동화숲어린이집,전라북도,전주시 덕진구,민간,39,9,전라북도 전주시 덕진구 견훤왕궁로 277 (금암동),063-255-2627,,,0,5,,,2020-10-31
두산푸른솔어린이집,전라북도,전주시 완산구,가정,19,6,"전라북도 전주시 완산구 양지1길 16-3 101동 119호(평화동2가, 두산푸른솔)",063-228-5485,,,0,4,,,2020-10-31
둥근해어린이집,전라북도,전주시 완산구,가정,13,3,"전라북도 전주시 완산구 삼천천변1길 32 104동 108호(삼천동1가, 남양)",063-902-2650,,,0,4,,,2020-10-31
드림키즈어린이집,전라북도,전주시 덕진구,민간,40,11,전라북도 전주시 덕진구 송천동2가 천마산로 113 송천동 한라비발디1단지아파트 관리동,063-275-0845,,,0,6,,,2020-10-31
드림킨더어린이집,전라북도,전주시 완산구,가정,13,2,"전라북도 전주시 완산구 새터로 60 201동 102호(서신동, 광진장미)",063-274-5010,,,0,3,,,2020-10-31
디모데어린이집,전라북도,전주시 완산구,가정,13,3,"전라북도 전주시 완산구 새터로 95 101동 103호(서신동, 동아한일)",063-255-2062,,,0,4,,,2020-10-31
똑똑똑어린이집,전라북도,전주시 완산구,가정,20,5,"전라북도 전주시 완산구 거마평로 125 103동 105호(효자동1가, 상산타운)",063-222-7975,,,0,5,,,2020-10-31
뛰어라올챙이어린이집,전라북도,전주시 완산구,가정,13,4,"전라북도 전주시 완산구 양지2길 10 109동 104호(평화동2가, 동신)",063-226-0600,,,0,4,,,2020-10-31
라미안-(i)어린이집,전라북도,전주시 덕진구,가정,20,6,"전라북도 전주시 덕진구 두간6길 7 102동 101호(송천동1가, 케이제이라미안)",063-908-8383,,,0,4,,,2020-10-31
라파엘어린이집,전라북도,전주시 덕진구,가정,20,7,"전라북도 전주시 덕진구 태진로 101 120동101호(진북동,우성아파트)",063-272-9600,,,0,4,,,2020-10-31
랜디어린이집,전라북도,전주시 덕진구,직장,39,7,전라북도 전주시 덕진구 기지로 120 (중동) 한국국토정보공사,063-906-5450,,,1,10,,,2020-10-31
럭키해맑은어린이집,전라북도,전주시 덕진구,가정,20,6,"전라북도 전주시 덕진구 동부대로 611 5동 104호(우아동3가, 럭키우아)",063-903-9038,,,0,5,,,2020-10-31
레마어린이집,전라북도,전주시 덕진구,민간,35,8,전라북도 전주시 덕진구 덕진동2가 가리내6길 20-6,063-241-4233,,,0,7,,,2020-10-31
레이나어린이집,전라북도,전주시 완산구,가정,19,1,"전라북도 전주시 완산구 삼천천변3길 20 103동 108호(삼천동1가, 호반리젠시빌)",063-236-0108,,,0,9,,,2020-10-31
로뎀나무어린이집,전라북도,전주시 덕진구,민간,34,9,전라북도 전주시 덕진구 도당산로 48-5,063-241-2504,,,0,8,,,2020-10-31
롯데어린이집,전라북도,전주시 완산구,사회복지법인,99,16,전라북도 전주시 완산구 계룡산길 64 (삼천동2가),063-227-2427,,,1,10,,,2020-10-31
루벤스어린이집,전라북도,전주시 덕진구,가정,20,5,"전라북도 전주시 덕진구 추탄로 61 102동101호(덕진동,하가더루벤스아파트)",063-276-8844,,,0,4,,,2020-10-31
룸비니어린이집,전라북도,전주시 덕진구,법인·단체,49,9,전라북도 전주시 덕진구 가리내로 42-13,063-277-3308,,,0,10,,,2020-10-31
리움어린이집,전라북도,전주시 덕진구,민간,73,10,전라북도 전주시 덕진구 만성동로 16 LH퍼스트리움 관리동 보육시설,063-211-3421,,,0,6,,,2020-10-31
리틀엔젤어린이집,전라북도,전주시 덕진구,가정,19,4,"전라북도 전주시 덕진구 쪽구름로 13 103동 102호(여의동, 제일)",063-903-3770,,,0,4,,,2020-10-31
리틀영재어린이집,전라북도,전주시 완산구,가정,17,3,"전라북도 전주시 완산구 신촌3길 1 103동 102호(중화산동2가, 우성중산타운)",063-228-4013,,,0,4,,,2020-10-31
리틀키즈어린이집,전라북도,전주시 완산구,민간,73,13,전라북도 전주시 완산구 따박골로 13 (중화산동2가),063-224-1963,,,1,7,,,2020-10-31
리틀피카소어린이집,전라북도,전주시 덕진구,가정,20,7,전라북도 전주시 덕진구 호성동2가 호성로 170 진흥더블파크2차 306동104호,063-242-9721,,,0,4,,,2020-10-31
리틀하우스어린이집,전라북도,전주시 덕진구,가정,19,5,"전라북도 전주시 덕진구 붓내3길 29 130동 102호(송천동2가, 주공아파트)",063-274-6089,,,0,4,,,2020-10-31
마미랑어린이집,전라북도,전주시 완산구,민간,38,4,"전라북도 전주시 완산구 용머리로 20-1 (효자동1가, 현대아파트 단지내)",063-222-3488,,,0,6,,,2020-10-31
마미어린이집,전라북도,전주시 완산구,가정,13,4,"전라북도 전주시 완산구 온고을로 121 101동 102호(서신동, 광진)",063-274-2872,,,0,4,,,2020-10-31
마주노리어린이집,전라북도,전주시 완산구,가정,19,4,"전라북도 전주시 완산구 용머리로 20 101동 104호(효자동1가, 현대아파트)",063-228-3881,,,0,4,,,2020-10-31
맑은아이숲어린이집,전라북도,전주시 완산구,가정,17,3,"전라북도 전주시 완산구 삼천천변1길 45 202동 101호(삼천동1가, 흥건)",063-226-4465,,,0,3,,,2020-10-31
맘스어린이집,전라북도,전주시 완산구,가정,13,4,"전라북도 전주시 완산구 서신천변11길 22 102동 104호(서신동, 성원)",063-902-4570,,,0,4,,,2020-10-31
맘엔유어린이집,전라북도,전주시 덕진구,가정,13,1,"전라북도 전주시 덕진구 아중로 176 303동 101호(인후동1가, 아중마을부영3차아파트)",063-243-7891,,,0,4,,,2020-10-31
명운어린이집,전라북도,전주시 덕진구,협동,20,5,전라북도 전주시 덕진구 인후동1가 동가재미2길 28-3,063-241-9795,,,0,0,,,2020-10-31
명재어린이집,전라북도,전주시 완산구,사회복지법인,120,17,전라북도 전주시 완산구 삼천천변2길 36-3 (삼천동1가),063-221-2228,,,1,9,,,2020-10-31
모세어린이집,전라북도,전주시 덕진구,가정,13,4,"전라북도 전주시 덕진구 편운로 54-68 101동 118호(동산동, 우신동산)",063-212-3383,,,0,4,,,2020-10-31
무지개어린이집,전라북도,전주시 덕진구,가정,11,1,"전라북도 전주시 덕진구 아중로 180 302동 107호(인후동1가, 아중마을부영3차아파트)",063-242-7144,,,0,3,,,2020-10-31
미래어린이집,전라북도,전주시 완산구,민간,55,9,전라북도 전주시 완산구 서신천변1길 16 (서신동),063-271-5330,,,1,3,,,2020-10-31
미미어린이집,전라북도,전주시 완산구,민간,119,10,전라북도 전주시 완산구 감나무4길 27 (서신동),063-271-1112,,,1,10,,,2020-10-31
미소린어린이집,전라북도,전주시 덕진구,가정,20,5,"전라북도 전주시 덕진구 오공로 70 101동 102호(중동,우미린1단지)",063-226-7707,,,0,4,,,2020-10-31
미소짓는어린이집,전라북도,전주시 완산구,가정,19,6,"전라북도 전주시 완산구 신촌3길 1 105동 102호(중화산동2가, 우성중산타운)",063-904-7233,,,0,4,,,2020-10-31
미스바어린이집,전라북도,전주시 덕진구,가정,13,3,"전라북도 전주시 덕진구 쪽구름5길 5 102동 107호(고랑동, 명성아파트)",063-212-2682,,,0,3,,,2020-10-31
미키어린이집,전라북도,전주시 완산구,민간,37,8,"전라북도 전주시 완산구 삼천천변1길 45 관리동(삼천동1가, 흥건)",063-225-1002,,,0,6,,,2020-10-31
민들레어린이집,전라북도,전주시 완산구,가정,19,5,"전라북도 전주시 완산구 신촌3길 1 103동 101호(중화산동2가, 우성중산타운)",063-228-3676,,,0,4,,,2020-10-31
바울어린이집,전라북도,전주시 완산구,사회복지법인,141,21,전라북도 전주시 완산구 용머리로 228 (서완산동 1가),063-287-1005,,,1,16,,,2020-10-31
바하어린이집,전라북도,전주시 덕진구,민간,112,10,전라북도 전주시 덕진구 거북바우로 53 (금암동),063-723-3355,,,1,14,,,2020-10-31
반올림어린이집,전라북도,전주시 완산구,민간,26,7,"전라북도 전주시 완산구 효자동2가 세내로 239 관리동(효자동2가, 포스코더샵1차)",063-229-1195,,,0,8,,,2020-10-31
베르디움어린이집,전라북도,전주시 덕진구,가정,20,4,"전라북도 전주시 덕진구 오공로 71 108동 103호(중동, 호반베르디움아파트)",063-237-3323,,,0,4,,,2020-10-31
베베숲어린이집,전라북도,전주시 덕진구,민간,40,8,전라북도 전주시 덕진구 덕진동2가 가련산로 24 영무예다음아파트 관리사무소 1층,063-277-4465,,,0,6,,,2020-10-31
베이비스쿨24시어린이집,전라북도,전주시 완산구,가정,20,6,"전라북도 전주시 완산구 새터로 63 201동 101호(서신동, 동아2차)",063-276-6555,,,0,4,,,2020-10-31
베이비팰리움어린이집,전라북도,전주시 완산구,가정,20,6,"전라북도 전주시 완산구 호암로 40 207동 101호(효자동2가, 골든팰리스휴먼시아)",063-236-2378,,,0,4,,,2020-10-31
벼리어린이집,전라북도,전주시 덕진구,민간,25,7,전라북도 전주시 덕진구 호성동1가 호성로 138 진흥더블파크2단지 관리소내,063-247-5548,,,0,4,,,2020-10-31
별나라어린이집,전라북도,전주시 덕진구,가정,13,4,"전라북도 전주시 덕진구 송천동2가 붓내3길 29 101동 102호(송천동2가, 주공아파트)",063-902-8789,,,0,4,,,2020-10-31
별님어린이집,전라북도,전주시 완산구,가정,20,2,전라북도 전주시 완산구 효자동3가 척동10길 11 1층,063-276-8893,,,0,5,,,2020-10-31
별빛어린이집,전라북도,전주시 덕진구,가정,13,2,"전라북도 전주시 덕진구 소리로 179 203동 106호(호성동1가, 주공아파트)",063-245-5266,,,0,4,,,2020-10-31
별초롱어린이집,전라북도,전주시 완산구,가정,19,3,"전라북도 전주시 완산구 모악로 4651 105동 102호(평화동2가, 동도미소드림)",063-237-1023,,,0,4,,,2020-10-31
병아리어린이집,전라북도,전주시 완산구,가정,14,4,"전라북도 전주시 완산구 모악로 4685 103동 112호(평화동2가, 우미)",063-226-7004,,,0,4,,,2020-10-31
보드미어린이집,전라북도,전주시 덕진구,가정,19,3,"전라북도 전주시 덕진구 솔내로 142 103동 103호(송천동1가, 송천신일)",063-253-8256,,,0,4,,,2020-10-31
보물섬어린이집,전라북도,전주시 완산구,민간,25,7,"전라북도 전주시 완산구 서곡로 8 관리동(효자동3가, 서곡주공)",063-255-0090,,,0,4,,,2020-10-31
복지어린이집,전라북도,전주시 완산구,법인·단체,78,9,"전라북도 전주시 완산구 평화동1가 덕적골2길 22 관리동(평화동1가, 평화주공1단지)",063-283-2733,,,1,7,,,2020-10-31
브레인어린이집,전라북도,전주시 완산구,가정,20,6,전라북도 전주시 완산구 소태정5길 18-7 1층(효자동2가),063-223-3088,,,0,6,,,2020-10-31
블루밍어린이집,전라북도,전주시 덕진구,가정,20,4,"전라북도 전주시 덕진구 안덕원3길 10 1동 102호(우아동3가, 럭키우아)",063-232-7002,,,0,4,,,2020-10-31
비전어린이집,전라북도,전주시 덕진구,민간,59,8,전라북도 전주시 덕진구 인후동1가 견훤로 333 위브어울림 아파트 관리동,063-714-3943,,,1,8,,,2020-10-31
비타민어린이집,전라북도,전주시 덕진구,가정,20,6,"전라북도 전주시 덕진구 솔내6길 7 102동 104호(송천동1가, 영창드림맨션)",063-904-9801,,,0,6,,,2020-10-31
비테어린이집,전라북도,전주시 완산구,가정,20,4,전라북도 전주시 완산구 평화2길 13 (평화동2가),063-236-3466,,,0,4,,,2020-10-31
빛뜨란어린이집,전라북도,전주시 완산구,가정,19,5,"전라북도 전주시 완산구 강변로 220-16 2동 101호(효자동1가, 삼호)",063-227-4686,,,0,5,,,2020-10-31
뽀로로어린이집,전라북도,전주시 완산구,가정,20,4,전라북도 전주시 완산구 전룡3길 11 (서신동),063-242-4009,,,0,4,,,2020-10-31
뽀로로와친구들어린이집,전라북도,전주시 덕진구,가정,20,5,"전라북도 전주시 덕진구 견훤로 333 118동 104호(인후동1가, 두산위브)",063-246-3068,,,0,4,,,2020-10-31
뽀뽀뽀어린이집,전라북도,전주시 덕진구,가정,19,2,전라북도 전주시 덕진구 송천동2가 사근1길 11 현대3차아파트 306동 103호,063-271-3617,,,0,4,,,2020-10-31
뿡뿡이어린이집,전라북도,전주시 완산구,가정,19,7,"전라북도 전주시 완산구 평화로 95 101동 106호(평화동2가, 호반리젠시빌)",063-221-2664,,,0,4,,,2020-10-31
사과나무어린이집,전라북도,전주시 완산구,가정,20,6,"전라북도 전주시 완산구 당산로 43 105동 104호(서신동, 제일비사벌)",063-909-0591,,,0,4,,,2020-10-31
사랑가득어린이집,전라북도,전주시 완산구,가정,19,4,"전라북도 전주시 완산구 서곡로 22 102동 102호(효자동3가, 서곡두산)",063-277-7941,,,0,4,,,2020-10-31
사랑나무어린이집,전라북도,전주시 완산구,가정,16,5,"전라북도 전주시 완산구 새터로 95 113동 101호(서신동, 동아한일)",063-275-3477,,,0,4,,,2020-10-31
사랑샘어린이집,전라북도,전주시 완산구,가정,19,5,"전라북도 전주시 완산구 용리로 179 103동 102호(삼천동1가, 세창짜임)",063-224-7149,,,0,4,,,2020-10-31
사랑숲어린이집,전라북도,전주시 완산구,가정,19,1,"전라북도 전주시 완산구 신봉로 74 나동 102호(효자동1가, 성원골드맨션)",063-229-6067,,,0,4,,,2020-10-31
사랑어린이집,전라북도,전주시 덕진구,사회복지법인,99,13,전라북도 전주시 덕진구 덕용1길 53-3,063-212-4031,,,1,10,,,2020-10-31
사랑열매어린이집,전라북도,전주시 덕진구,가정,20,6,"전라북도 전주시 덕진구 두간6길 9 101동 106호(송천동1가, 케이제이라미안)",063-909-4450,,,0,4,,,2020-10-31
사랑이레어린이집,전라북도,전주시 완산구,가정,20,3,전라북도 전주시 완산구 서곡1길 20-8 (효자동3가),063-251-3738,,,0,6,,,2020-10-31
사랑해어린이집,전라북도,전주시 덕진구,가정,19,7,"전라북도 전주시 덕진구 붓내3길 29 126동 104호(송천동2가, 뜨란채1차아파트)",063-277-7942,,,0,4,,,2020-10-31
사랑화수분어린이집,전라북도,전주시 완산구,민간,45,8,"전라북도 전주시 완산구 소태정로 1 관리동(효자동2가, 휴먼시아아이린)",063-223-0279,,,0,4,,,2020-10-31
사임당어린이집,전라북도,전주시 덕진구,민간,49,12,전라북도 전주시 덕진구 팽나무4길 26 (인후동1가),063-243-2240,,,0,6,,,2020-10-31
산들어린이집,전라북도,전주시 완산구,가정,19,6,"전라북도 전주시 완산구 양지2길 10 113동 103호(평화동2가, 동신)",063-227-1018,,,0,4,,,2020-10-31
살구나무어린이집,전라북도,전주시 완산구,가정,19,6,"전라북도 전주시 완산구 평화로 95 103동 106호(평화동2가, 호반리젠시빌)",063-226-7006,,,0,4,,,2020-10-31
삼천남양어린이집,전라북도,전주시 완산구,민간,31,9,"전라북도 전주시 완산구 삼천천변1길 32 관리동(삼천동1가, 남양)",063-227-7564,,,0,5,,,2020-10-31
삼천아기사랑어린이집,전라북도,전주시 완산구,가정,20,4,전라북도 전주시 완산구 삼천동1가 송정중앙로 19 (삼천동1가),063-228-7701,,,0,4,,,2020-10-31
상록어린이집,전라북도,전주시 완산구,사회복지법인,159,17,전라북도 전주시 완산구 우전로 251 (효자동2가),063-222-5002,,,1,16,,,2020-10-31
상원어린이집,전라북도,전주시 완산구,사회복지법인,73,15,전라북도 전주시 완산구 천잠로 545-7 (효자동3가),063-253-3138,,,1,16,,,2020-10-31
새나라키즈어린이집,전라북도,전주시 완산구,민간,214,20,전라북도 전주시 완산구 안터2길 29 (서신동),063-272-8415,,,1,14,,,2020-10-31
새들어린이집,전라북도,전주시 완산구,민간,65,1,전라북도 전주시 완산구 공북로 38-3 (태평동),063-253-4851,,,1,8,,,2020-10-31
새봄어린이집,전라북도,전주시 덕진구,민간,26,4,"전라북도 전주시 덕진구 틀못4길 33 관리동 보육시설(장동, 엘에이치이노팰리스아파트)",063-214-4267,,,0,5,,,2020-10-31
새빛어린이집,전라북도,전주시 완산구,법인·단체,43,7,전라북도 전주시 완산구 신봉로 4 (효자동1가),063-227-8911,,,1,4,,,2020-10-31
새소망어린이집,전라북도,전주시 덕진구,가정,19,5,"전라북도 전주시 덕진구 붓내3길 29 122동 104호(송천동2가, 주공아파트)",063-904-5550,,,0,4,,,2020-10-31
새싹어린이집,전라북도,전주시 완산구,민간,39,4,전라북도 전주시 완산구 양지3길 34-4 (평화동2가),063-229-1463,,,1,5,,,2020-10-31
새한어린이집,전라북도,전주시 덕진구,가정,20,4,"전라북도 전주시 덕진구 벚꽃로 57 112동 102호(진북동, 우성)",063-255-7255,,,0,4,,,2020-10-31
새힘어린이집,전라북도,전주시 덕진구,가정,11,3,"전라북도 전주시 덕진구 진버들3길 8-3 102동 108호(인후동1가, 진버들마을부영1차아파트)",063-244-3123,,,0,3,,,2020-10-31
색동어린이집,전라북도,전주시 완산구,민간,35,6,"전라북도 전주시 완산구 당산로 43 관리동2층(서신동, 제일비사벌)",063-272-0740,,,0,5,,,2020-10-31
샛별어린이집,전라북도,전주시 덕진구,사회복지법인,73,10,전라북도 전주시 덕진구 용흥길 26 (송천동2가),063-277-2587,,,1,10,,,2020-10-31
샛별재능어린이집,전라북도,전주시 덕진구,민간,66,11,전라북도 전주시 덕진구 조경단로 18-1,063-274-1918,,,1,8,,,2020-10-31
서곡한빛어린이집,전라북도,전주시 완산구,가정,20,3,"전라북도 전주시 완산구 서곡로 22 105동 101호(효자동3가, 서곡두산)",063-278-8085,,,0,4,,,2020-10-31
서곡해뜰어린이집,전라북도,전주시 완산구,민간,69,9,전라북도 전주시 완산구 원서곡길 54-1 (효자동3가),063-254-3334,,,1,8,,,2020-10-31
서신어린이집,전라북도,전주시 완산구,국공립,85,18,전라북도 전주시 완산구 감나무로 15 (서신동),063-251-5373,,,1,12,,,2020-10-31
서신피노키오어린이집,전라북도,전주시 완산구,가정,13,3,"전라북도 전주시 완산구 새터로 95 120동 102호(서신동, 동아한일)",063-901-8484,,,0,4,,,2020-10-31
서진우리어린이집,전라북도,전주시 완산구,민간,99,16,전라북도 전주시 완산구 평화동1가 평화18길 11,063-226-0799,,,1,10,,,2020-10-31
서호또래어린이집,전라북도,전주시 덕진구,가정,20,7,"전라북도 전주시 덕진구 송천동1가 송천로 31 105동 104호(송천동1가, 서호1차아파트)",063-904-1357,,,0,5,,,2020-10-31
서희스타어린이집,전라북도,전주시 완산구,민간,25,6,전라북도 전주시 완산구 효자동2가 홍산1길 21 서희스타힐스 관리동내,063-223-3161,,,0,5,,,2020-10-31
성산어린이집,전라북도,전주시 완산구,민간,33,6,전라북도 전주시 완산구 천경로 7 전주성산교회1층(동서학동),063-284-3444,,,0,5,,,2020-10-31
성원가정어린이집,전라북도,전주시 완산구,가정,16,6,"전라북도 전주시 완산구 새터로 60 202동 102호(서신동, 광진장미)",063-901-1556,,,0,3,,,2020-10-31
성원어린이집,전라북도,전주시 완산구,민간,33,4,"전라북도 전주시 완산구 서신천변11길 22 관리동(서신동, 성원)",063-254-4277,,,1,5,,,2020-10-31
성품바른어린이집,전라북도,전주시 덕진구,가정,20,4,전라북도 전주시 덕진구 송천동2가 세병로 85 502동 107호(에코시티 데시앙아파트),063-255-5645,,,0,4,,,2020-10-31
성품좋은어린이집,전라북도,전주시 덕진구,민간,46,13,전라북도 전주시 덕진구 천마산로 100 송천진흥더블파크 단지내 관리동 보육시설 (송천동1가),063-251-2232,,,0,6,,,2020-10-31
세븐팰리스어린이집,전라북도,전주시 완산구,민간,47,8,전라북도 전주시 완산구 효자동2가 우전로 180 세븐팰리스아파트 관리동,063-236-0312,,,0,7,,,2020-10-31
세원어린이집,전라북도,전주시 덕진구,가정,13,1,"전라북도 전주시 덕진구 호성동1가 호성1길 29 나동 107호(호성동1가, 신동아)",063-243-4028,,,0,3,,,2020-10-31
세창어린이집,전라북도,전주시 완산구,가정,19,5,"전라북도 전주시 완산구 용리로 179 103동 103호(삼천동1가, 세창짜임)",063-901-3723,,,0,4,,,2020-10-31
세향어린이집,전라북도,전주시 완산구,가정,19,2,"전라북도 전주시 완산구 소대배기로 33 102동 103호(평화동2가, 현대)",063-224-0103,,,0,4,,,2020-10-31
센트럴키즈어린이집,전라북도,전주시 덕진구,민간,44,13,전라북도 전주시 덕진구 송천로 1 송천동센트럴파크아파트 관리동(1층) (송천동1가),063-275-1116,,,0,6,,,2020-10-31
소나무어린이집,전라북도,전주시 덕진구,가정,20,5,"전라북도 전주시 덕진구 호반로 11 203동 101호(송천동1가, 송천동센트럴파크2단지아파트)",063-904-5004,,,0,5,,,2020-10-31
소망어린이집,전라북도,전주시 덕진구,민간,91,13,전라북도 전주시 덕진구 실리1길 26-8,063-211-9888,,,1,13,,,2020-10-31
소원어린이집,전라북도,전주시 덕진구,가정,20,1,"전라북도 전주시 덕진구 호성동1가 동부대로 787 5동 101호(호성동1가, 동신아파트)",063-904-7878,,,0,4,,,2020-10-31
소율어린이집,전라북도,전주시 완산구,민간,93,11,"전라북도 전주시 완산구 삼천천변3길 20 단지내(삼천동1가, 호반리젠시빌)",063-228-0162,,,1,8,,,2020-10-31
솔내어린이집,전라북도,전주시 덕진구,민간,38,9,전라북도 전주시 덕진구 천마산로 33 전북 전주시 덕진구 송천동2가 1280번지 송천주공2차아파트 관리동,063-272-5488,,,0,4,,,2020-10-31
솔로몬어린이집,전라북도,전주시 덕진구,사회복지법인,48,11,전라북도 전주시 덕진구 붓내4길 17-1,063-252-3618,,,0,7,,,2020-10-31
솔밭영재어린이집,전라북도,전주시 완산구,가정,19,6,"전라북도 전주시 완산구 양지2길 10 104동 102호(평화동2가, 동신)",063-236-8778,,,0,4,,,2020-10-31
솔빛어린이집,전라북도,전주시 덕진구,민간,21,5,전라북도 전주시 덕진구 송천동1가 송천3길 55 벽산e-리버파크아파트(관리동),063-277-7931,,,0,5,,,2020-10-31
솜사탕어린이집,전라북도,전주시 덕진구,가정,20,6,"전라북도 전주시 덕진구 송천동1가 가리내로 550 108동 101호(송천동1가,한양아파트)",063-255-3540,,,0,4,,,2020-10-31
송림꽃무지풀무지어린이집,전라북도,전주시 완산구,민간,99,15,전라북도 전주시 완산구 효자동2가 한절길 67-44,063-273-6677,,,1,15,,,2020-10-31
송이송이어린이집,전라북도,전주시 완산구,가정,20,5,"전라북도 전주시 완산구 백제대로 13 105동 107호(삼천동1가, 고층우성아파트)",063-226-4333,,,0,4,,,2020-10-31
송정아가방어린이집,전라북도,전주시 완산구,가정,19,4,"전라북도 전주시 완산구 평화7길 40 106동 101호(평화동2가, 송정써미트)",063-901-2233,,,0,3,,,2020-10-31
송정좋은친구 어린이집,전라북도,전주시 완산구,가정,19,3,"전라북도 전주시 완산구 평화7길 40 107동 101호(평화동2가, 송정써미트)",063-901-5171,,,0,4,,,2020-10-31
송천동트는어린이집,전라북도,전주시 덕진구,민간,108,16,전라북도 전주시 덕진구 천마산로 116-3,063-275-7737,,,1,11,,,2020-10-31
송천원광어린이집,전라북도,전주시 덕진구,법인·단체,67,7,전라북도 전주시 덕진구 송천중앙로 100  -3 송천원광어린이집,063-254-8615,,,1,8,,,2020-10-31
수어린이집,전라북도,전주시 완산구,가정,19,1,"전라북도 전주시 완산구 호암로 41 809동 104호(효자동2가, 아르팰리스휴먼시아)",063-225-1011,,,0,4,,,2020-10-31
순복음어린이집,전라북도,전주시 덕진구,민간,49,8,전라북도 전주시 덕진구 견훤왕궁로 246-3,063-255-0363,,,0,4,,,2020-10-31
숲소리어린이집,전라북도,전주시 완산구,민간,53,11,전라북도 전주시 완산구 효자동3가 원서곡길 27,063-255-8253,,,1,8,,,2020-10-31
숲속마을가정어린이집,전라북도,전주시 덕진구,가정,20,6,"전라북도 전주시 덕진구 벚꽃로 57 117동 101호(진북동, 우성)",063-901-5002,,,0,5,,,2020-10-31
숲속몬테소리어린이집,전라북도,전주시 덕진구,민간,45,6,전라북도 전주시 덕진구 인후동1가 한배미6길 26 (인후동1가),063-243-3536,,,1,5,,,2020-10-31
숲속어린이집,전라북도,전주시 덕진구,가정,20,6,전라북도 전주시 덕진구 틀못4길 17 우미린2차 203동 101호,063-212-6377,,,0,4,,,2020-10-31
숲정이성지어린이집,전라북도,전주시 덕진구,법인·단체,79,13,전라북도 전주시 덕진구 진북1길 26 숲정이성지 어린이집,063-255-1905,,,1,10,,,2020-10-31
쉐마어린이집,전라북도,전주시 덕진구,민간,99,16,전라북도 전주시 덕진구 호성로 18-5,063-241-5979,,,1,9,,,2020-10-31
스위첸어린이집,전라북도,전주시 덕진구,민간,33,9,전라북도 전주시 덕진구 송천동1가 오송1길 37-17 송천KCC스위첸아파트 관리동 보육시설,063-273-5576,,,0,5,,,2020-10-31
슬기로운아이어린이집,전라북도,전주시 완산구,가정,19,2,"전라북도 전주시 완산구 안행로 175 101동 104호(중화산동1가, 현대1차)",063-231-6602,,,0,4,,,2020-10-31
신나는아이어린이집,전라북도,전주시 덕진구,가정,19,6,"전라북도 전주시 덕진구 송천2길 25 1동 107호(송천동1가, 라이프)",063-277-5652,,,0,4,,,2020-10-31
신나는어린이집,전라북도,전주시 덕진구,가정,13,4,"전라북도 전주시 덕진구 무삼지로 32 205동 105호(인후동1가, 인후꿈마을부영2차아파트)",063-245-3515,,,0,4,,,2020-10-31
신난다어린이집,전라북도,전주시 완산구,가정,20,4,"전라북도 전주시 완산구 당산로 101 104동 103호(서신동, 동아)",063-276-4924,,,0,4,,,2020-10-31
신동어린이집,전라북도,전주시 완산구,민간,82,9,전라북도 전주시 완산구 맏내로 158-11 (평화동2가),063-237-0022,,,1,8,,,2020-10-31
신색동어린이집,전라북도,전주시 완산구,가정,19,5,"전라북도 전주시 완산구 용리로 133 110호(삼천동1가, 삼익아파트)",063-224-8848,,,0,5,,,2020-10-31
신생어린이집,전라북도,전주시 완산구,사회복지법인,74,7,전라북도 전주시 완산구 난전들로 22-7 (평화동3가),063-226-9952,,,1,11,,,2020-10-31
신세계어린이집,전라북도,전주시 덕진구,사회복지법인,126,14,전라북도 전주시 덕진구 아중6길 24-4,063-242-6626,,,1,7,,,2020-10-31
신원아띠어린이집,전라북도,전주시 완산구,민간,21,4,"전라북도 전주시 완산구 효자동1가 용머리로 101 (효자동1가,신원리브웰) 관리동",063-225-2990,,,0,6,,,2020-10-31
신일아이사랑어린이집,전라북도,전주시 완산구,가정,20,5,"전라북도 전주시 완산구 강변로 98 105동 105호(삼천동1가, 신일강변)",063-221-7661,,,0,4,,,2020-10-31
신일어린이집,전라북도,전주시 덕진구,민간,99,8,전라북도 전주시 덕진구 송천동1가 솔내로 144 전주 신일 어린이집,063-277-5805,,,1,8,,,2020-10-31
신전주어린이집,전라북도,전주시 완산구,민간,89,6,전라북도 전주시 완산구 능안자구길 75 (삼천동3가),063-226-9422,,,1,8,,,2020-10-31
쌍용기쁨어린이집,전라북도,전주시 덕진구,가정,20,4,전라북도 전주시 덕진구 송천동2가 와룡로 40 송천동1차쌍용아파트 103동 102호,063-278-2113,,,0,5,,,2020-10-31
썬샤인어린이집,전라북도,전주시 완산구,민간,99,1,전라북도 전주시 완산구 효자동2가 우전로 96,063-224-1766,,,1,32,,,2020-10-31
쑥쑥어린이집,전라북도,전주시 완산구,가정,20,6,"전라북도 전주시 완산구 평화로 100 209동 102호(평화동2가, 주공그린2단지)",063-227-2330,,,0,4,,,2020-10-31
씽씽가정어린이집,전라북도,전주시 덕진구,가정,13,2,"전라북도 전주시 덕진구 무삼지로 32 204동 102호(인후동1가, 인후꿈마을부영2차아파트)",063-245-3960,,,0,4,,,2020-10-31
아가또래어린이집,전라북도,전주시 완산구,가정,13,1,"전라북도 전주시 완산구 서신천변11길 22 106동 103호(서신동, 성원)",063-275-6060,,,0,4,,,2020-10-31
아가베베궁어린이집,전라북도,전주시 덕진구,가정,19,3,"전라북도 전주시 덕진구 쪽구름로 13 104동 112호(여의동, 제일)",063-905-4732,,,0,4,,,2020-10-31
아가사랑어린이집,전라북도,전주시 덕진구,사회복지법인,58,12,전라북도 전주시 덕진구 덕용1길 53-1,063-213-9011,,,1,10,,,2020-10-31
아기나무어린이집,전라북도,전주시 완산구,가정,20,5,전라북도 전주시 완산구 따박골로 8 2동 102호(효자동1가 남양황실),063-223-0053,,,0,4,,,2020-10-31
아기둥지어린이집,전라북도,전주시 덕진구,가정,13,3,"전라북도 전주시 덕진구 소리로 179 215동 103호(호성동1가, 주공아파트)",063-903-8686,,,0,4,,,2020-10-31
아기별어린이집,전라북도,전주시 덕진구,민간,66,14,전라북도 전주시 덕진구 무삼지5길 18 (인후동1가),063-244-1674,,,1,8,,,2020-10-31
아기사랑어린이집,전라북도,전주시 덕진구,가정,17,3,"전라북도 전주시 덕진구 동부대로 785 301동 110호(호성동1가, 동신아파트)",063-245-6325,,,0,4,,,2020-10-31
아기샛별어린이집,전라북도,전주시 덕진구,가정,13,2,"전라북도 전주시 덕진구 붓내3길 29 112동 103호(송천동2가, 주공아파트)",063-904-3111,,,0,4,,,2020-10-31
아기숲어린이집,전라북도,전주시 덕진구,민간,27,9,"전라북도 전주시 덕진구 거북바우3길 15 관리동 1층(금암동, 중앙하이츠아파트)",063-274-1288,,,0,5,,,2020-10-31
아기천사어린이집,전라북도,전주시 완산구,사회복지법인,59,13,전라북도 전주시 완산구 외칠봉1길 17 (효자동1가),063-282-5629,,,1,14,,,2020-10-31
아기토마토어린이집,전라북도,전주시 덕진구,가정,19,5,"전라북도 전주시 덕진구 벚꽃로 57 113동 101호(진북동, 우성)",063-273-0079,,,0,4,,,2020-10-31
아띠맘어린이집,전라북도,전주시 완산구,가정,19,3,"전라북도 전주시 완산구 거마평로 139 101동 107호(효자동1가, 삼성효자맨션)",063-226-2345,,,0,4,,,2020-10-31
아띠어린이집,전라북도,전주시 완산구,가정,19,5,"전라북도 전주시 완산구 평화7길 40 104동 103호(평화동2가, 송정써미트)",063-229-3773,,,0,4,,,2020-10-31
아람어린이집,전라북도,전주시 덕진구,사회복지법인,99,10,전라북도 전주시 덕진구 기린대로 1018-7 푸른솔아파트단지내,063-212-0010,,,1,6,,,2020-10-31
아롱별어린이집,전라북도,전주시 완산구,가정,12,5,"전라북도 전주시 완산구 서곡로 34 102동 105호(효자동3가, 청솔)",063-252-8855,,,0,3,,,2020-10-31
아르팰리스물앤빛어린이집,전라북도,전주시 완산구,민간,56,11,"전라북도 전주시 완산구 호암로 41 단지내(효자동2가, 아르팰리스휴먼시아)",063-225-4024,,,1,12,,,2020-10-31
아름다운어린이집,전라북도,전주시 완산구,민간,25,5,"전라북도 전주시 완산구 삼천천변1길 9 관리동(삼천동1가, 삼천주공6단지)",063-226-0856,,,0,5,,,2020-10-31
아빠랑어린이집,전라북도,전주시 덕진구,민간,37,7,전라북도 전주시 덕진구 우아동3가 도당산4길 53-12 아빠랑어린이집,063-243-2919,,,0,16,,,2020-10-31
아이가크는숲예솔어린이집,전라북도,전주시 덕진구,민간,99,16,전라북도 전주시 덕진구 동가재미2길 59 (인후동1가),063-245-3500,,,1,11,,,2020-10-31
아이깨비어린이집,전라북도,전주시 완산구,가정,16,5,"전라북도 전주시 완산구 온고을로 119 103동 103호(서신동, 신일)",063-252-8327,,,0,4,,,2020-10-31
아이누리어린이집,전라북도,전주시 덕진구,가정,18,6,"전라북도 전주시 덕진구 솔내9길 5 102동 107호(송천동1가, 송천동우림)",063-274-0323,,,0,4,,,2020-10-31
아이다솜어린이집,전라북도,전주시 완산구,민간,37,9,전라북도 전주시 완산구 하거마3길 25 (삼천동1가),063-226-6697,,,0,6,,,2020-10-31
아이다움어린이집,전라북도,전주시 완산구,민간,53,13,전라북도 전주시 완산구 효자동3가 홍산북로 83 (효자동3가)코오롱스카이타워 관리동 내,063-714-2999,,,1,8,,,2020-10-31
아이들세상어린이집,전라북도,전주시 완산구,민간,163,25,전라북도 전주시 완산구 평화로 71 (평화동2가),063-223-0223,,,1,14,,,2020-10-31
아이들세상어린이집,전라북도,전주시 덕진구,민간,77,20,전라북도 전주시 덕진구 무삼지1길 14-3,063-244-2541,,,1,23,,,2020-10-31
아이뜰어린이집,전라북도,전주시 완산구,민간,99,16,전라북도 전주시 완산구 화산천변2길 11-3 (중화산동2가),063-229-0078,,,1,16,,,2020-10-31
아이렌어린이집,전라북도,전주시 덕진구,가정,19,2,전라북도 전주시 덕진구 송천동1가 송천로 43 서호 2차 @ 201-101,063-274-0211,,,0,6,,,2020-10-31
아이림어린이집,전라북도,전주시 덕진구,가정,20,3,전라북도 전주시 덕진구 명주5길 14-12,070-7724-8247,,,0,4,,,2020-10-31
아이맘어린이집,전라북도,전주시 완산구,가정,19,3,"전라북도 전주시 완산구 평화7길 40 102동 107호(평화동2가, 송정써미트)",063-228-2298,,,0,4,,,2020-10-31
아이사랑어린이집,전라북도,전주시 덕진구,민간,99,8,전라북도 전주시 덕진구 반룡1길 8 (팔복동2가),063-212-8873,,,1,9,,,2020-10-31
아이세상어린이집,전라북도,전주시 덕진구,민간,51,10,전라북도 전주시 덕진구 오송1길 13-5,063-272-8819,,,1,8,,,2020-10-31
아이숲어린이집,전라북도,전주시 완산구,가정,20,4,"전라북도 전주시 완산구 효자동2가 우전로 180 707동 103호(효자동2가, LH세븐팰리스아파트)",063-222-7155,,,0,4,,,2020-10-31
아이와숲어린이집,전라북도,전주시 완산구,민간,31,9,"전라북도 전주시 완산구 안행2길 26 단지내 (효자동1가, 대림)",063-226-7080,,,0,6,,,2020-10-31
아이와어린이집,전라북도,전주시 완산구,가정,20,5,"전라북도 전주시 완산구 효자동2가 우전로 180 708동 102호(효자동 2가, LH세븐팰리스아파트)",063-221-0399,,,0,4,,,2020-10-31
아이원어린이집,전라북도,전주시 완산구,가정,16,3,"전라북도 전주시 완산구 서곡로 8 107동 106호(효자동3가, 서곡주공)",063-902-6111,,,0,4,,,2020-10-31
아이월드어린이집,전라북도,전주시 덕진구,민간,87,11,전라북도 전주시 덕진구 호성로 40,063-243-1780,,,1,11,,,2020-10-31
아이조아어린이집,전라북도,전주시 덕진구,가정,19,4,"전라북도 전주시 덕진구 와룡2길 7 101동 101호(송천동2가, 솔내마을동아)",063-275-6788,,,0,4,,,2020-10-31
아중어린이집,전라북도,전주시 덕진구,민간,66,10,전라북도 전주시 덕진구 한배미3길 8 (인후동1가),063-244-1199,,,1,8,,,2020-10-31
아침해어린이집,전라북도,전주시 덕진구,민간,76,4,전라북도 전주시 덕진구 호성동2가 화정안길 25 (호성동2가),063-276-6787,,,1,10,,,2020-10-31
아트빌어린이집,전라북도,전주시 완산구,민간,30,9,전라북도 전주시 완산구 화산천변6길 5 (중화산동2가),063-227-4231,,,0,4,,,2020-10-31
안디옥어린이집,전라북도,전주시 덕진구,민간,87,11,전라북도 전주시 덕진구 화정길 41 (호성동2가),063-253-0545,,,1,6,,,2020-10-31
알곡어린이집,전라북도,전주시 덕진구,민간,114,15,전라북도 전주시 덕진구 원산정길 18 (산정동),063-241-6004,,,1,8,,,2020-10-31
알프스어린이집,전라북도,전주시 완산구,민간,28,5,"전라북도 전주시 완산구 견훤로 100-14 상가동 1층(중노송동, 기린봉아파트)",070-4263-8271,,,0,3,,,2020-10-31
애플어린이집,전라북도,전주시 덕진구,민간,27,7,전라북도 전주시 덕진구 인후동1가 안덕원로 251 관리동내,063-241-6780,,,0,5,,,2020-10-31
애플트리어린이집,전라북도,전주시 완산구,가정,20,6,"전라북도 전주시 완산구 효자동2가 소태정로 1 403동 103호(효자동2가,휴먼시아아이린)",070-4063-5778,,,0,4,,,2020-10-31
양정어린이집,전라북도,전주시 덕진구,민간,82,10,전라북도 전주시 덕진구 솔내9길 8-11,063-275-3174,,,1,8,,,2020-10-31
양지가정어린이집,전라북도,전주시 완산구,가정,18,1,"전라북도 전주시 완산구 양지2길 10 107동 106호(평화동2가, 동신)",063-223-2441,,,0,2,,,2020-10-31
어깨동무어린이집,전라북도,전주시 완산구,가정,20,4,전라북도 전주시 완산구 선너머3길 19-9 (중화산동1가),063-288-2201,,,0,4,,,2020-10-31
엄마랑가정어린이집,전라북도,전주시 덕진구,가정,19,5,"전라북도 전주시 덕진구 쪽구름로 19 104동 102호(여의동,제일)",063-211-2057,,,0,4,,,2020-10-31
엄마랑나랑어린이집,전라북도,전주시 완산구,가정,19,6,"전라북도 전주시 완산구 평화로 120 101동 109호(평화동2가, 두산경복궁아파트)",063-901-6208,,,0,4,,,2020-10-31
엄마랑아가랑어린이집,전라북도,전주시 완산구,민간,49,6,전라북도 전주시 완산구 빙고리3길 19 (서완산동1가),063-288-3113,,,0,11,,,2020-10-31
엄마랑아가어린이집,전라북도,전주시 덕진구,가정,19,3,"전라북도 전주시 덕진구 심방죽로 16 101동 105호(인후동1가, 인후동선변)",063-241-3832,,,0,4,,,2020-10-31
엄마사랑어린이집,전라북도,전주시 덕진구,가정,11,4,"전라북도 전주시 덕진구 진버들3길 10 101동 107호(인후동1가, 진버들마을부영1차아파트)",063-903-6856,,,0,3,,,2020-10-31
엄마손가정어린이집,전라북도,전주시 덕진구,가정,19,4,"전라북도 전주시 덕진구 붓내3길 29 122동 101호(송천동2가, 주공아파트)",063-276-9706,,,0,4,,,2020-10-31
엄마품어린이집,전라북도,전주시 덕진구,가정,20,6,"전라북도 전주시 덕진구 견훤로 333 105동 101호(인후동1가, 두산위브)",063-241-1553,,,0,4,,,2020-10-31
에덴어린이집,전라북도,전주시 완산구,사회복지법인,79,10,전라북도 전주시 완산구 장승배기로 302-3 (서서학동),063-288-1395,,,1,9,,,2020-10-31
에디슨어린이집,전라북도,전주시 덕진구,가정,19,5,전라북도 전주시 덕진구 송천동2가 사근1길 11 304동 103호(현대3차),063-905-8775,,,0,4,,,2020-10-31
에바다어린이집,전라북도,전주시 덕진구,가정,19,5,"전라북도 전주시 덕진구 솔내로 142 102동 102호(송천동1가, 송천신일)",063-274-7388,,,0,4,,,2020-10-31
에벤에셀어린이집,전라북도,전주시 덕진구,가정,20,6,"전라북도 전주시 덕진구 안덕원로 251 108동 105호(인후동1가, 인후동한신휴플러스)",063-241-3057,,,0,5,,,2020-10-31
에브리클럽어린이집,전라북도,전주시 완산구,가정,20,5,"전라북도 전주시 완산구 여울로 79 101동 105호(서신동, 대우1차아파트)",063-274-3085,,,0,4,,,2020-10-31
에코어린이집,전라북도,전주시 완산구,민간,132,23,전라북도 전주시 완산구 화산천변6길 16 (중화산동2가),063-222-1611,,,1,16,,,2020-10-31
엔젤어린이집,전라북도,전주시 완산구,가정,20,6,"전라북도 전주시 완산구 세내로 559 102동 104호(효자동3가, 서곡엘지)",063-903-3004,,,0,5,,,2020-10-31
엔젤키즈어린이집,전라북도,전주시 덕진구,가정,20,5,전라북도 전주시 덕진구 틀못4길 17 204동 103호 전북혁신우미린,063-214-7009,,,0,4,,,2020-10-31
엘드사랑의어린이집,전라북도,전주시 완산구,가정,19,5,"전라북도 전주시 완산구 세내로 241 101동 103호(효자동2가, 효자1차엘드수목토)",063-226-9226,,,0,4,,,2020-10-31
엘림몬테소리어린이집,전라북도,전주시 덕진구,가정,20,5,"전라북도 전주시 덕진구 솔내로 142 101동 102호(송천동1가, 송천신일)",063-275-0141,,,0,4,,,2020-10-31
엘사랑어린이집,전라북도,전주시 덕진구,민간,39,10,"전라북도 전주시 덕진구 반월4길 15 101동 104호(반월동, 대창하이빌타운)",063-211-8380,,,0,5,,,2020-10-31
엘지엄마사랑어린이집,전라북도,전주시 완산구,가정,20,3,"전라북도 전주시 완산구 세내로 559 104동 105호(효자동3가,서곡엘지)",063-255-7172,,,0,4,,,2020-10-31
엘프어린이집,전라북도,전주시 덕진구,민간,138,17,전라북도 전주시 덕진구 오송1길 17 (송천동1가),063-272-2690,,,1,12,,,2020-10-31
엠코동화어린이집,전라북도,전주시 완산구,민간,43,8,"전라북도 전주시 완산구 평화동2가 양지3길 25-1 (평화동2가, 평화동엠코타운)",063-227-2110,,,0,5,,,2020-10-31
연두어린이집,전라북도,전주시 완산구,가정,20,7,전라북도 전주시 완산구 효자동3가 농소7길 19 (효자동3가),063-901-0039,,,0,9,,,2020-10-31
열린교육어린이집,전라북도,전주시 완산구,가정,20,5,"전라북도 전주시 완산구 양지2길 10 104동 103호(평화동2가, 동신)",063-227-4828,,,0,4,,,2020-10-31
열린꼬마숲어린이집,전라북도,전주시 완산구,가정,20,5,전라북도 전주시 완산구 효자동1가 효동3길 33 8동 101호(금호아파트),063-283-7179,,,0,4,,,2020-10-31
열린동화나라어린이집,전라북도,전주시 완산구,민간,245,18,전라북도 전주시 완산구 우전2길 8 (효자동2가),063-227-2050,,,1,16,,,2020-10-31
열린생각어린이집,전라북도,전주시 완산구,민간,135,22,전라북도 전주시 완산구 원서곡길 8 (효자동3가),063-252-7336,,,1,14,,,2020-10-31
열린아이세상어린이집,전라북도,전주시 완산구,가정,13,3,"전라북도 전주시 완산구 온고을로 121 102동 106호(서신동, 광진)",063-273-2246,,,0,4,,,2020-10-31
열방으로어린이집,전라북도,전주시 완산구,가정,13,3,"전라북도 전주시 완산구 삼천천변2길 51 102동 106호(삼천동1가, 우성2차아파트)",063-227-7111,,,0,3,,,2020-10-31
영생어린이집,전라북도,전주시 완산구,민간,93,15,전라북도 전주시 완산구 삼천천변3길 60 C동 (삼천동1가),063-226-1881,,,1,9,,,2020-10-31
예꿈새어린이집,전라북도,전주시 덕진구,가정,16,5,"전라북도 전주시 덕진구 덕진동2가 경동로 20 106동 101호 (덕진동2가, 하가부영아파트)",063-273-2993,,,0,4,,,2020-10-31
예꿈어린이집,전라북도,전주시 완산구,가정,19,5,"전라북도 전주시 완산구 안터3길 11 1동 105호(서신동,진보설레임)",063-275-9168,,,0,4,,,2020-10-31
예다음어린이집,전라북도,전주시 완산구,민간,25,6,전라북도 전주시 완산구 중화산동2가 안행로 165-5 영무예다음 아파트 관리사무소 내,063-903-4001,,,0,5,,,2020-10-31
예닮어린이집,전라북도,전주시 완산구,가정,20,6,"전라북도 전주시 완산구 평화동2가 구이로 2065 104동 106호(평화동2가,영무예다음)",063-225-5778,,,0,4,,,2020-10-31
예담어린이집,전라북도,전주시 덕진구,민간,45,11,"전라북도 전주시 덕진구 틀못1길 15 506동 관리동 보육시설(장동, 호반베르디운더센트럴 1 아파트 )",063-213-7990,,,0,4,,,2020-10-31
예대어린이집,전라북도,전주시 덕진구,민간,422,34,전라북도 전주시 덕진구 시천로 29-27,063-275-4832,,,1,25,,,2020-10-31
예대키즈어린이집,전라북도,전주시 완산구,민간,80,13,전라북도 전주시 완산구 평화14길 11 (평화동2가),063-253-6400,,,1,16,,,2020-10-31
예뜰어린이집,전라북도,전주시 덕진구,민간,85,13,전라북도 전주시 덕진구 송천동1가 솔내7길 40-5 (송천동1가 128-6),063-255-4279,,,1,11,,,2020-10-31
예랑어린이집,전라북도,전주시 덕진구,민간,90,9,전라북도 전주시 덕진구 쪽구름1길 24 (동산동),063-213-4540,,,1,10,,,2020-10-31
예린어린이집,전라북도,전주시 완산구,가정,20,7,전라북도 전주시 완산구 농소7길 23 1층 (효자동3가),063-284-9393,,,0,8,,,2020-10-31
예빛어린이집,전라북도,전주시 덕진구,민간,39,8,전라북도 전주시 덕진구 팔복동2가 추천4길 44,063-212-4893,,,0,5,,,2020-10-31
예쁜꼬마어린이집,전라북도,전주시 덕진구,가정,20,5,전라북도 전주시 덕진구 틀못4길 33 104동 104호 엘에이치이노팰리스아파트,063-254-6771,,,0,3,,,2020-10-31
예쁜사랑어린이집,전라북도,전주시 완산구,가정,13,4,"전라북도 전주시 완산구 모악로 4705 1동 101호(평화동2가,  삼성강남)",063-228-3334,,,0,4,,,2020-10-31
예쁜새싹어린이집,전라북도,전주시 덕진구,가정,19,5,"전라북도 전주시 덕진구 석소로 29 101동 104호(인후동1가, 아중제일)",063-241-9206,,,0,4,,,2020-10-31
예쁜세상어린이집,전라북도,전주시 덕진구,가정,20,7,전라북도 전주시 덕진구 사근1길 11 현대3차아파트302-103,063-275-0843,,,0,4,,,2020-10-31
예쁜아가어린이집,전라북도,전주시 완산구,가정,19,3,"전라북도 전주시 완산구 거마평로 125 106동 103호(효자동1가, 상산타운)",063-229-3440,,,0,4,,,2020-10-31
예쁜아기별어린이집,전라북도,전주시 완산구,민간,26,4,"전라북도 전주시 완산구 효자동3가 서곡로 34 관리동(효자동3가, 청솔)",063-904-3002,,,1,4,,,2020-10-31
예쁜아이어린이집,전라북도,전주시 완산구,가정,13,3,"전라북도 전주시 완산구 당산로 11 602동 106호(서신동, 서신쌍용)",063-252-0930,,,0,3,,,2020-10-31
예쁜엄지어린이집,전라북도,전주시 덕진구,가정,19,5,"전라북도 전주시 덕진구 호성로 40 106동 104호(호성동1가, 엘지동아)",063-241-5540,,,0,4,,,2020-10-31
예삐어린이집,전라북도,전주시 완산구,가정,17,6,"전라북도 전주시 완산구 서곡로 8 102동 101호(효자동3가, 서곡주공)",063-901-7982,,,0,4,,,2020-10-31
예사랑어린이집,전라북도,전주시 덕진구,가정,20,4,"전라북도 전주시 덕진구 천마산로 100 104동 103호(송천동1가, 진흥더블파크아파트)",063-274-6435,,,0,4,,,2020-10-31
예수병원어린이집,전라북도,전주시 완산구,직장,49,8,전라북도 전주시 완산구 강당5길 18 (중화산동1가),063-287-6711,,,1,6,,,2020-10-31
예스맘어린이집,전라북도,전주시 완산구,가정,19,7,"전라북도 전주시 완산구 강변로 210 101동 105호(효자동1가, 광진라미안)",063-901-6261,,,0,4,,,2020-10-31
예은어린이집,전라북도,전주시 덕진구,민간,80,9,전라북도 전주시 덕진구 와룡로 3 (송천동1가),063-276-5611,,,1,6,,,2020-10-31
예찬어린이집,전라북도,전주시 완산구,민간,99,12,전라북도 전주시 완산구 삼천동1가 안행2길 33-3 (삼천동1가),063-224-3156,,,1,15,,,2020-10-31
예촌어린이집,전라북도,전주시 완산구,사회복지법인,48,12,전라북도 전주시 완산구 메너머3길 25-15 (중화산동2가),063-224-4566,,,1,12,,,2020-10-31
예크어린이집,전라북도,전주시 완산구,가정,16,4,"전라북도 전주시 완산구 서곡로 8 102동 104호(효자동3가, 서곡주공)",063-271-8188,,,0,4,,,2020-10-31
예트니어린이집,전라북도,전주시 덕진구,민간,79,9,전라북도 전주시 덕진구 사근1길 23-13,063-251-9290,,,1,8,,,2020-10-31
오네뜨어린이집,전라북도,전주시 완산구,민간,30,5,"전라북도 전주시 완산구 평화동1가 덕적골1길 50 관리동(평화동 1가, 평화동 오네뜨아파트)",063-284-2580,,,0,4,,,2020-10-31
오렌지어린이집,전라북도,전주시 완산구,민간,210,19,전라북도 전주시 완산구 전룡로 132-8 (서신동),063-272-0090,,,1,16,,,2020-10-31
오리온어린이집,전라북도,전주시 덕진구,가정,18,5,"전라북도 전주시 덕진구 가련산로 24 108동 105호(덕진동2가, 영무예다음아파트)",063-277-1257,,,0,4,,,2020-10-31
온고을어린이집,전라북도,전주시 완산구,민간,89,9,전라북도 전주시 완산구 난전들로 220-38 (평화동2가),063-224-6772,,,1,8,,,2020-10-31
온누리어린이집,전라북도,전주시 완산구,민간,48,12,전라북도 전주시 완산구 삼천천변1길 31-3,063-222-0076,,,1,6,,,2020-10-31
온빛어린이집,전라북도,전주시 덕진구,민간,64,12,전라북도 전주시 덕진구 출판로 69 606동 관리동 보육시설(호반베르디움 더센트럴2),063-213-3352,,,1,14,,,2020-10-31
올리브어린이집,전라북도,전주시 완산구,사회복지법인,77,9,전라북도 전주시 완산구 구이로 2041-1 (평화동3가),063-222-1144,,,1,11,,,2020-10-31
완산어린이집,전라북도,전주시 완산구,법인·단체,79,7,전라북도 전주시 완산구 전주천서로 181 (서완산동1가),063-282-8495,,,1,8,,,2020-10-31
왕자공주어린이집,전라북도,전주시 덕진구,가정,20,4,"전라북도 전주시 덕진구 천마산로 100 103동 108호(송천동1가, 진흥더블파크아파트)",063-245-4696,,,0,4,,,2020-10-31
우리두리어린이집,전라북도,전주시 완산구,가정,19,4,"전라북도 전주시 완산구 호암로 41 804동 103호(효자동2가, 아르팰리스휴먼시아)",063-227-3129,,,0,4,,,2020-10-31
우리들어린이집,전라북도,전주시 완산구,민간,46,11,전라북도 전주시 완산구 산월1길 26 (중화산동2가),063-245-0108,,,0,12,,,2020-10-31
우리모두어린이집,전라북도,전주시 덕진구,사회복지법인,48,17,전라북도 전주시 덕진구 송천동2가 용흥길 12-6,063-255-5604,,,0,11,,,2020-10-31
우리아가어린이집,전라북도,전주시 완산구,가정,19,7,"전라북도 전주시 완산구 용머리로 29 3동 101호(효자동1가, 효자롯데)",063-228-5511,,,0,4,,,2020-10-31
우리아이어린이집,전라북도,전주시 완산구,가정,20,2,전라북도 전주시 완산구 성지산로 27-7 (삼천동1가),063-227-1762,,,0,5,,,2020-10-31
우리어린이집,전라북도,전주시 완산구,법인·단체,42,6,"전라북도 전주시 완산구 덕적골2길 25 관리동(평화동1가, 평화주공1단지)",063-282-4408,,,0,3,,,2020-10-31
우미브레인어린이집,전라북도,전주시 덕진구,가정,20,5,"전라북도 전주시 덕진구 오공로 70 106동 105호(중동, 우미린 1차)",063-227-3277,,,0,4,,,2020-10-31
우미어린이집,전라북도,전주시 덕진구,민간,45,11,전라북도 전주시 덕진구 틀못4길 17 전북혁신우미린2단지아파트 관리동,063-901-3789,,,0,6,,,2020-10-31
우석어린이집,전라북도,전주시 완산구,민간,129,10,전라북도 전주시 완산구 상거마4길 9 (삼천동1가),063-223-7429,,,1,16,,,2020-10-31
우아어린이집,전라북도,전주시 덕진구,국공립,87,13,전라북도 전주시 덕진구 우아7길 13 (우아동3가),063-242-4722,,,1,10,,,2020-10-31
우정어린이집,전라북도,전주시 덕진구,가정,13,3,"전라북도 전주시 덕진구 천마산로 575 103동 101호(우아동3가, 우정신세계)",063-245-1366,,,0,4,,,2020-10-31
우주가정어린이집,전라북도,전주시 덕진구,가정,13,2,"전라북도 전주시 덕진구 무삼지로 40 206동 102호(인후동1가, 인후꿈마을부영2차아파트)",063-245-9043,,,0,4,,,2020-10-31
웃음꽃어린이집,전라북도,전주시 덕진구,민간,22,6,"전라북도 전주시 덕진구 우아동2가 중상보로 10 관리동내(우아동2가, 롯데아파트)",063-903-6730,,,0,3,,,2020-10-31
원형어린이집,전라북도,전주시 완산구,가정,19,2,전라북도 전주시 완산구 거마중앙로 36 (삼천동1가),063-226-3046,,,0,5,,,2020-10-31
위드키즈어린이집,전라북도,전주시 완산구,가정,20,5,전라북도 전주시 완산구 서신천변13길 14-10 (서신동),063-277-5507,,,0,5,,,2020-10-31
위브어린이집,전라북도,전주시 덕진구,가정,20,2,"전라북도 전주시 덕진구 인후동1가 견훤로 333 107동 104호(인후동1가, 두산위브)",063-246-2046,,,0,4,,,2020-10-31
위즈어린이집,전라북도,전주시 완산구,민간,153,13,전라북도 전주시 완산구 쑥고개로 196-32 (삼천동3가),063-222-8077,,,1,10,,,2020-10-31
유원어린이집,전라북도,전주시 덕진구,가정,20,5,"전라북도 전주시 덕진구 소리로 191 1동 101호(호성동1가, 유원아파트)",063-247-2433,,,0,4,,,2020-10-31
유정어린이집,전라북도,전주시 완산구,민간,96,13,전라북도 전주시 완산구 원서곡길 46-34 (효자동3가),063-273-1478,,,1,11,,,2020-10-31
유토피아어린이집,전라북도,전주시 덕진구,가정,19,4,전라북도 전주시 덕진구 호반8길 15 오성유토피아 아파트  B/102,063-253-5679,,,0,4,,,2020-10-31
은보어린이집,전라북도,전주시 덕진구,가정,19,5,"전라북도 전주시 덕진구 붓내3길 29 130동 103호(송천동2가, 주공아파트)",063-273-8258,,,0,4,,,2020-10-31
은성어린이집,전라북도,전주시 완산구,사회복지법인,99,14,전라북도 전주시 완산구 강당1길 18-21 (서완산동2가),063-284-1825,,,1,11,,,2020-10-31
이계순의 동화속 어린이집,전라북도,전주시 완산구,민간,300,28,전라북도 전주시 완산구 난전들로 219-17 (평화동2가),063-225-6800,,,1,25,,,2020-10-31
이문선가정어린이집,전라북도,전주시 완산구,가정,20,4,"전라북도 전주시 완산구 서원로 270 2동 107호(중화산동2가, 오성은하)",063-222-3719,,,0,4,,,2020-10-31
이삭어린이집,전라북도,전주시 덕진구,가정,13,4,"전라북도 전주시 덕진구 쪽구름로 123 101동 107호(반월동, 남양반월타운)",063-212-3834,,,0,3,,,2020-10-31
이삭영재어린이집,전라북도,전주시 덕진구,가정,13,3,"전라북도 전주시 덕진구 붓내3길 29 123동 102호(송천동2가, 주공아파트)",063-273-0599,,,0,4,,,2020-10-31
이안어린이집,전라북도,전주시 완산구,가정,19,5,"전라북도 전주시 완산구 삼천동1가 용리로 165 108동 105호(삼천동 1가, 삼천이안아파트)",063-226-0230,,,0,4,,,2020-10-31
이안키즈어린이집,전라북도,전주시 완산구,민간,41,8,전라북도 전주시 완산구 삼천동1가 용리로 165 이안전주삼천아파트내 관리동,063-224-2123,,,0,6,,,2020-10-31
이지움어린이집,전라북도,전주시 덕진구,민간,38,8,전라북도 전주시 덕진구 인후동2가 백동2길 11 건지산이지움아파트 관리동 보육시설,063-243-5201,,,0,6,,,2020-10-31
인애어린이집,전라북도,전주시 덕진구,민간,31,7,전라북도 전주시 덕진구 소리로 179 주공2단지내 주민복지관 (호성동1가),063-246-8855,,,0,5,,,2020-10-31
자람터어린이집,전라북도,전주시 덕진구,가정,11,2,"전라북도 전주시 덕진구 진버들3길 10 105동 114호(인후동1가, 진버들마을부영1차아파트)",063-245-7942,,,0,3,,,2020-10-31
자연생활어린이집,전라북도,전주시 덕진구,민간,137,19,전라북도 전주시 덕진구 초포로 250-15,063-254-4369,,,1,16,,,2020-10-31
자이으뜸 어린이집,전라북도,전주시 덕진구,가정,19,5,"전라북도 전주시 덕진구 두간6길 8 104동 105호(송천동1가, 송천자이)",063-905-3725,,,0,4,,,2020-10-31
작은사랑어린이집,전라북도,전주시 덕진구,가정,19,6,"전라북도 전주시 덕진구 추천1길 6 101동 106호(팔복동2가, 코스타빌아파트)",063-214-7211,,,0,4,,,2020-10-31
작은새두리어린이집,전라북도,전주시 완산구,사회복지법인,72,14,전라북도 전주시 완산구 평화14길 15-10 (평화동2가),063-224-0030,,,1,8,,,2020-10-31
작은서전주어린이집,전라북도,전주시 완산구,민간,36,9,전라북도 전주시 완산구 난전들로 139-27 (평화동3가),063-226-1331,,,0,9,,,2020-10-31
작은천사어린이집,전라북도,전주시 덕진구,민간,97,6,전라북도 전주시 덕진구 견훤로 350 (우아동3가),063-242-2050,,,1,7,,,2020-10-31
장동에코르어린이집,전라북도,전주시 덕진구,민간,34,7,전라북도 전주시 덕진구 정암길 19 장동에코르아파트 관리동 1층 (장동),063-213-3335,,,0,6,,,2020-10-31
재능나라어린이집,전라북도,전주시 덕진구,민간,97,16,전라북도 전주시 덕진구 원고랑2길 16 (고랑동),063-212-3927,,,1,16,,,2020-10-31
재능영재어린이집,전라북도,전주시 덕진구,가정,16,4,"전라북도 전주시 덕진구 무삼지로 40 201동 105호(인후동1가, 인후꿈마을부영2차아파트)",063-244-7977,,,0,4,,,2020-10-31
재미랑어린이집,전라북도,전주시 완산구,가정,13,5,"전라북도 전주시 완산구 서곡로 8 106동 103호(효자동3가, 서곡주공)",063-278-2277,,,0,4,,,2020-10-31
재언어린이집,전라북도,전주시 완산구,가정,13,2,"전라북도 전주시 완산구 서신천변11길 22 103동 107호(서신동, 성원)",063-275-5434,,,0,4,,,2020-10-31
잼잼어린이집,전라북도,전주시 덕진구,가정,20,5,"전라북도 전주시 덕진구 천마산로 100 107동 101호(송천동1가, 진흥더블파크아파트)",063-253-9341,,,0,4,,,2020-10-31
전라북도청어린이집,전라북도,전주시 완산구,직장,80,13,전라북도 전주시 완산구 효자동3가 효자로 225,063-236-9001,,,1,16,,,2020-10-31
전북대학교 숲속어린이집,전라북도,전주시 덕진구,직장,60,11,전라북도 전주시 덕진구 백제대로 567,063-219-5576,,,1,22,,,2020-10-31
전북대학교병원어린이집,전라북도,전주시 덕진구,직장,80,10,전라북도 전주시 덕진구 건지로 20,063-253-0125,,,1,13,,,2020-10-31
전북대학교보육교사교육원부설어린이집,전라북도,전주시 덕진구,법인·단체,99,15,전라북도 전주시 덕진구 백제대로 567,063-270-3226,,,1,10,,,2020-10-31
전북지방경찰청어린이집,전라북도,전주시 완산구,직장,80,19,전라북도 전주시 완산구 효자동3가 유연로 180 전북지방경찰청 내,063-226-0180,,,1,26,,,2020-10-31
전주YWCA어린이집,전라북도,전주시 완산구,법인·단체,99,14,전라북도 전주시 완산구 용머리로 98 (효자동1가),063-224-5503,,,1,15,,,2020-10-31
전주기전대학부설어린이집,전라북도,전주시 덕진구,법인·단체,72,10,전라북도 전주시 덕진구 송천중앙로 165 (송천동1가),063-271-9637,,,1,12,,,2020-10-31
전주대학교 수퍼스타어린이집,전라북도,전주시 완산구,직장,85,15,전라북도 전주시 완산구 효자동2가 천잠로 303 전주대학교 내,063-220-4739,,,1,20,,,2020-10-31
전주물방울어린이집,전라북도,전주시 덕진구,법인·단체,96,9,전라북도 전주시 덕진구 덕진동2가 하가2길 29-39,063-274-7732,,,1,10,,,2020-10-31
전주산단꿈나무어린이집,전라북도,전주시 덕진구,직장,99,8,전라북도 전주시 덕진구 팔과정로 150,063-214-9230,,,1,16,,,2020-10-31
전주삼성어린이집,전라북도,전주시 완산구,사회복지법인,123,23,전라북도 전주시 완산구 권삼득로 20 (중노송동),063-287-2035,,,1,21,,,2020-10-31
전주하가부영사랑으로 어린이집,전라북도,전주시 덕진구,민간,47,10,전라북도 전주시 덕진구 덕진동2가 경동로 20 전주하가사랑으로부영아파트 보육시설,063-277-3007,,,0,4,,,2020-10-31
전주효자어린이집,전라북도,전주시 완산구,사회복지법인,120,9,전라북도 전주시 완산구 밤나무1길 15-7 (효자동1가),063-221-5560,,,1,14,,,2020-10-31
전통나비어린이집,전라북도,전주시 완산구,민간,28,8,전라북도 전주시 완산구 충경로 125-29 (경원동3가),063-282-0671,,,0,7,,,2020-10-31
정다운어린이집,전라북도,전주시 덕진구,사회복지법인,86,11,전라북도 전주시 덕진구 매봉8길 17-14,063-253-4007,,,1,10,,,2020-10-31
정선어린이집,전라북도,전주시 덕진구,사회복지법인,124,12,전라북도 전주시 덕진구 안골4길 20 (인후동1가),063-246-6004,,,1,13,,,2020-10-31
제일사랑어린이집,전라북도,전주시 덕진구,가정,19,4,"전라북도 전주시 덕진구 석소로 27 105동 105호(인후동1가, 아중제일)",063-902-1077,,,0,4,,,2020-10-31
제일작은천사어린이집,전라북도,전주시 덕진구,가정,20,5,"전라북도 전주시 덕진구 쪽구름로 13 104동 104호(여의동, 제일)",063-214-0104,,,0,4,,,2020-10-31
제일조아어린이집,전라북도,전주시 덕진구,가정,19,4,"전라북도 전주시 덕진구 쪽구름로 13 105동 102호(여의동, 제일)",063-212-1448,,,0,4,,,2020-10-31
젤로어린이집,전라북도,전주시 완산구,가정,18,5,전라북도 전주시 완산구 장승배기로 378-4 (서서학동),063-231-7922,,,0,4,,,2020-10-31
조은생각어린이집,전라북도,전주시 완산구,가정,20,5,"전라북도 전주시 완산구 서신로 102 103동 107호(서신동, 광진선수촌)",063-901-6655,,,0,4,,,2020-10-31
좋은어린이집,전라북도,전주시 덕진구,민간,21,5,전라북도 전주시 덕진구 덕진동2가 추탄로 61 하가더루벤스 아파트 관리동,063-273-5678,,,0,4,,,2020-10-31
주랑어린이집,전라북도,전주시 덕진구,가정,11,1,"전라북도 전주시 덕진구 팔복1길 6 103동103호(팔복동,남양아파트)",063-903-9789,,,0,3,,,2020-10-31
중산어린이집,전라북도,전주시 완산구,사회복지법인,157,15,전라북도 전주시 완산구 서원로 334 (중화산동1가),063-283-6667,,,1,14,,,2020-10-31
중흥사랑숲어린이집,전라북도,전주시 완산구,가정,13,3,"전라북도 전주시 완산구 새터로 74 105동 105호(서신동, 중흥)",063-901-7975,,,0,4,,,2020-10-31
중흥어린이집,전라북도,전주시 완산구,민간,26,6,"전라북도 전주시 완산구 새터로 74 관리동(서신동, 중흥)",063-255-1031,,,0,4,,,2020-10-31
중흥키즈어린이집,전라북도,전주시 덕진구,민간,49,12,전라북도 전주시 덕진구 틀못3길 16,063-213-7942,,,1,5,,,2020-10-31
즐거운미키어린이집,전라북도,전주시 완산구,가정,19,4,"전라북도 전주시 완산구 삼천천변1길 45 204동 104호(삼천동1가 ,흥건)",063-225-2199,,,0,5,,,2020-10-31
지니쿠키어린이집,전라북도,전주시 덕진구,가정,19,4,전라북도 전주시 덕진구 사근1길 11 306동101호,063-902-9179,,,0,4,,,2020-10-31
지혜의숲어린이집,전라북도,전주시 덕진구,민간,90,12,전라북도 전주시 덕진구 진버들2길 16 안고을 우성아파트 상가내,063-241-5578,,,1,13,,,2020-10-31
진주어린이집,전라북도,전주시 완산구,가정,19,5,"전라북도 전주시 완산구 신봉로 64 3동 102호(효자동1가, 광진진주)",063-226-3700,,,0,4,,,2020-10-31
진흥어린이집,전라북도,전주시 덕진구,민간,25,6,전라북도 전주시 덕진구 호성동1가 호성로 132 진흥더블파크 1단지 관리동 내,063-241-8854,,,0,4,,,2020-10-31
집현전어린이집,전라북도,전주시 완산구,민간,69,7,전라북도 전주시 완산구 안행5길 5-7 (삼천동1가),063-226-3967,,,1,6,,,2020-10-31
창대리더어린이집,전라북도,전주시 덕진구,민간,99,15,전라북도 전주시 덕진구 건산로 280 (우아동2가),063-246-1147,,,1,11,,,2020-10-31
채움어린이집,전라북도,전주시 덕진구,민간,49,8,전라북도 전주시 덕진구 무삼지5길 10 (인후동1가),063-244-1247,,,0,7,,,2020-10-31
천사랑 어린이집,전라북도,전주시 덕진구,가정,13,2,"전라북도 전주시 덕진구 아중로 176 306동 105호(인후동1가, 아중마을부영3차아파트)",063-245-2313,,,0,4,,,2020-10-31
천사어린이집,전라북도,전주시 완산구,민간,21,3,전라북도 전주시 완산구 장승배기로 13 (삼천동1가),063-229-3004,,,0,4,,,2020-10-31
천재어린이집,전라북도,전주시 덕진구,가정,19,7,"전라북도 전주시 덕진구 중상보로 10 105동 104호(우아동2가, 전주아중롯데)",063-242-7539,,,0,4,,,2020-10-31
첫단추어린이집,전라북도,전주시 덕진구,가정,18,5,"전라북도 전주시 덕진구 가련산로 24 107동 102호(덕진동2가, 영무예다음아파트)",063-274-0307,,,0,4,,,2020-10-31
청아어린이집,전라북도,전주시 완산구,가정,19,6,"전라북도 전주시 완산구 서곡로 22 101동 104호(효자동3가, 서곡두산)",063-251-6780,,,0,4,,,2020-10-31
청운어린이집,전라북도,전주시 완산구,가정,12,2,"전라북도 전주시 완산구 서곡로 34 105동 101호(효자동3가, 청솔)",063-275-3042,,,0,3,,,2020-10-31
체리나무어린이집,전라북도,전주시 덕진구,가정,20,6,"전라북도 전주시 덕진구 호성동1가 호성로 136 203동 101호(호성동1가, 호성동진흥더블파크2단지)",063-243-5114,,,0,4,,,2020-10-31
체리어린이집,전라북도,전주시 덕진구,가정,13,4,"전라북도 전주시 덕진구 호성동1가 소리로 179 209/103 (호성동1가, 호성주공아파트)",063-245-8114,,,0,4,,,2020-10-31
초록꿈어린이집,전라북도,전주시 덕진구,가정,19,5,"전라북도 전주시 덕진구 안덕원1길 30 101동 109호(우아동3가, 진흥하이츠)",063-242-0323,,,0,4,,,2020-10-31
초록별 어린이집,전라북도,전주시 완산구,가정,13,4,"전라북도 전주시 완산구 온고을로 119 101동 108호(서신동, 신일)",063-251-9626,,,0,4,,,2020-10-31
초록빛키즈어린이집,전라북도,전주시 덕진구,민간,72,9,전라북도 전주시 덕진구 붓내3길 29 송천주공아파트 주민복지관내 (송천동2가),063-251-6020,,,1,10,,,2020-10-31
초록샘어린이집,전라북도,전주시 완산구,민간,30,6,전라북도 전주시 완산구 효자동2가 홍산1길 7 SK리더스뷰 아파트 관리동 내,063-228-0123,,,0,6,,,2020-10-31
초록숲어린이집,전라북도,전주시 덕진구,가정,20,5,"전라북도 전주시 덕진구 오공로 71 105동 101호(중동, 호반베르디움아파트)",070-8744-6457,,,0,5,,,2020-10-31
초록아이어린이집,전라북도,전주시 완산구,민간,49,7,전라북도 전주시 완산구 따박골6길 23 (중화산동2가),063-226-0931,,,0,7,,,2020-10-31
칙칙폭폭어린이집,전라북도,전주시 덕진구,가정,17,5,"전라북도 전주시 덕진구 팽나무2길 7 102동 104호(인후동1가, 인후휴먼시아아파트)",063-902-2629,,,0,4,,,2020-10-31
캔디어린이집,전라북도,전주시 덕진구,가정,19,5,"전라북도 전주시 덕진구 안덕원로 251 104동 104호(인후동1가, 인후동한신휴플러스)",063-247-1871,,,0,4,,,2020-10-31
캥거루어린이집,전라북도,전주시 완산구,가정,20,8,전라북도 전주시 완산구 거마산로 8-4 (삼천동1가),063-227-1718,,,0,4,,,2020-10-31
코코어린이집,전라북도,전주시 완산구,가정,19,4,"전라북도 전주시 완산구 양지2길 52-7 116동 104호(평화동2가, 동신2차)",063-227-4833,,,0,4,,,2020-10-31
콜럼버스어린이집,전라북도,전주시 완산구,가정,19,5,"전라북도 전주시 완산구 삼천천변3길 20 102동 107호(삼천동1가, 호반리젠시빌)",063-227-4384,,,0,4,,,2020-10-31
큐피트어린이집,전라북도,전주시 완산구,사회복지법인,48,8,전라북도 전주시 완산구 화산천변3길 12-3 (중화산동2가),063-237-1279,,,0,7,,,2020-10-31
크는나무어린이집,전라북도,전주시 완산구,가정,20,5,전라북도 전주시 완산구 따박골로 46 (중화산동2가),063-228-2276,,,0,4,,,2020-10-31
크는새싹어린이집,전라북도,전주시 덕진구,가정,19,6,"전라북도 전주시 덕진구 견훤로 333 114동 104호(인후동1가, 두산위브)",063-247-0929,,,0,4,,,2020-10-31
크레파스어린이집,전라북도,전주시 덕진구,가정,20,5,전라북도 전주시 덕진구 송천동1가 오송로 45 송천아이파크아파트 105동 101호,063-905-2888,,,0,4,,,2020-10-31
큰나무어린이집,전라북도,전주시 완산구,민간,22,7,"전라북도 전주시 완산구 거마평로 7 관리동(삼천동1가, 주공4단지)",063-228-5994,,,0,4,,,2020-10-31
큰동그라미어린이집,전라북도,전주시 덕진구,민간,65,12,전라북도 전주시 덕진구 가재미로 23 (인후동1가),063-244-5507,,,1,9,,,2020-10-31
큰별어린이집,전라북도,전주시 완산구,사회복지법인,84,15,전라북도 전주시 완산구 내원당길 70-15 (대성동),063-287-4123,,,1,10,,,2020-10-31
큰빛사랑어린이집,전라북도,전주시 완산구,민간,73,10,전라북도 전주시 완산구 인봉로 38 (중노송동),063-285-2941,,,1,12,,,2020-10-31
큰빛선교어린이집,전라북도,전주시 덕진구,민간,61,11,전라북도 전주시 덕진구 석소2길 11-4 아중큰빛교회내 큰빛선교어린이집,063-244-1450,,,1,7,,,2020-10-31
큰숲어린이집,전라북도,전주시 덕진구,가정,13,3,"전라북도 전주시 덕진구 우아동3가 동부대로 575 101동 111호(우아동3가, 우정신세계)",063-901-5220,,,0,4,,,2020-10-31
클로버어린이집,전라북도,전주시 덕진구,가정,13,5,"전라북도 전주시 덕진구 붓내3길 29 119동 106호(송천동2가, 주공아파트)",063-245-0279,,,0,4,,,2020-10-31
키즈맘어린이집,전라북도,전주시 완산구,가정,19,2,"전라북도 전주시 완산구 모악로 4681 103동 101호(평화동2가, 미송평화하이죤)",063-904-7337,,,0,5,,,2020-10-31
키즈멘토어린이집,전라북도,전주시 덕진구,민간,39,8,전라북도 전주시 덕진구 가리내6길 16-12,063-255-6788,,,0,8,,,2020-10-31
키즈쉐마어린이집,전라북도,전주시 덕진구,민간,49,12,전라북도 전주시 덕진구 우아동1가 인교로 3-14,063-245-2855,,,0,12,,,2020-10-31
키즈엔젤어린이집,전라북도,전주시 덕진구,가정,13,4,전라북도 전주시 덕진구 사근1길 11 310동102호,070-7551-1503,,,0,4,,,2020-10-31
키즈캠어린이집,전라북도,전주시 완산구,민간,99,10,전라북도 전주시 완산구 평화11길 6-3 (평화동2가),063-226-4163,,,1,8,,,2020-10-31
키즈콜럼버스어린이집,전라북도,전주시 완산구,가정,20,4,전라북도 전주시 완산구 고사평1길 8-13 (서신동),063-251-3777,,,0,4,,,2020-10-31
킹덤어린이집,전라북도,전주시 덕진구,가정,20,5,"전라북도 전주시 덕진구 견훤로 333 111동 102호(인후동1가, 두산위브)",063-241-5560,,,0,4,,,2020-10-31
타이니어린이집,전라북도,전주시 완산구,민간,49,10,전라북도 전주시 완산구 화산천변2길 3-3 (중화산동2가),063-223-1774,,,0,8,,,2020-10-31
태평양어린이집,전라북도,전주시 덕진구,사회복지법인,48,10,전라북도 전주시 덕진구 모래내8길 23 (금암동),063-275-6815,,,0,10,,,2020-10-31
태평어린이집,전라북도,전주시 완산구,민간,49,6,전라북도 전주시 완산구 전주천동로 334 (태평동),063-275-7341,,,0,5,,,2020-10-31
테바솔어린이집,전라북도,전주시 완산구,가정,20,6,전라북도 전주시 완산구 효자동3가 농소7길 32-16,063-228-6336,,,0,8,,,2020-10-31
토마토어린이집,전라북도,전주시 완산구,민간,92,7,전라북도 전주시 완산구 중산1길 4-4 (중화산동2가),063-225-6213,,,1,12,,,2020-10-31
튼튼아가어린이집,전라북도,전주시 완산구,가정,19,5,"전라북도 전주시 완산구 당산로 55 202동 101호(서신동, 남양대명)",063-274-3693,,,0,4,,,2020-10-31
팅커벨어린이집,전라북도,전주시 완산구,가정,19,5,"전라북도 전주시 완산구 중화산동2가 영경1길 25 101동 105호(중화산동2가, 우성근영타운)",063-278-7088,,,0,4,,,2020-10-31
파니파니어린이집,전라북도,전주시 완산구,가정,19,5,"전라북도 전주시 완산구 서신로 102 102동 104호(서신동, 광진선수촌)",063-255-0277,,,0,5,,,2020-10-31
파란나라어린이집,전라북도,전주시 덕진구,민간,124,8,전라북도 전주시 덕진구 원산정길 22 (산정동),063-241-6522,,,1,12,,,2020-10-31
파란나무어린이집,전라북도,전주시 완산구,가정,19,5,"전라북도 전주시 완산구 효자동3가 유연로 217-11 107동 102호(효자동3가, 호반베르디움)",063-236-6696,,,0,4,,,2020-10-31
파란하늘어린이집,전라북도,전주시 덕진구,법인·단체,79,9,전라북도 전주시 덕진구 매봉로 23 (금암동),063-252-9040,,,1,7,,,2020-10-31
파랑새어린이집,전라북도,전주시 완산구,민간,24,7,전라북도 전주시 완산구 평화동2가 난전들로 245-15 (평화동2가),063-228-2092,,,0,6,,,2020-10-31
파랑어린이집,전라북도,전주시 완산구,민간,90,9,전라북도 전주시 완산구 서학3길 25-3 (서서학동),063-282-8008,,,1,8,,,2020-10-31
판암어린이집,전라북도,전주시 완산구,민간,99,14,전라북도 전주시 완산구 안행9길 29-10 (효자동1가),063-227-5464,,,1,16,,,2020-10-31
팔복성모어린이집,전라북도,전주시 덕진구,법인·단체,79,11,전라북도 전주시 덕진구 상리5길 8-5,063-212-1618,,,1,8,,,2020-10-31
팔복어린이집,전라북도,전주시 덕진구,국공립,131,22,전라북도 전주시 덕진구 신복7길 2-14,063-212-4354,,,1,12,,,2020-10-31
팡팡어린이집,전라북도,전주시 덕진구,가정,13,3,"전라북도 전주시 덕진구 와룡2길 14 8동 102호(송천동2가, 롯데아파트)",063-254-9981,,,0,3,,,2020-10-31
퍼스트어린이집,전라북도,전주시 덕진구,가정,17,2,전라북도 전주시 덕진구 만성동로 16 103동 105호(LH퍼스트리움아파트),063-255-8380,,,0,4,,,2020-10-31
평화그린어린이집,전라북도,전주시 완산구,가정,19,6,"전라북도 전주시 완산구 평화로 100 204동 104호(평화동2가, 주공그린2단지)",063-226-5279,,,0,4,,,2020-10-31
평화노벨어린이집,전라북도,전주시 완산구,민간,28,3,전라북도 전주시 완산구 평화동1가 덕적골2길 66 평화지안리즈아파트 관리동 내,063-282-6662,,,0,5,,,2020-10-31
평화사임당어린이집,전라북도,전주시 완산구,가정,19,7,"전라북도 전주시 완산구 평화로 120 101동 108호(평화동2가, 경복궁아파트)",063-228-6111,,,0,4,,,2020-10-31
평화원광어린이집,전라북도,전주시 완산구,법인·단체,85,15,전라북도 전주시 완산구 백제대로 20-15 (평화동1가),063-228-0098,,,1,10,,,2020-10-31
평화피노키오어린이집,전라북도,전주시 완산구,민간,240,22,전라북도 전주시 완산구 평화5길 24-21 (평화동2가),063-226-8188,,,1,22,,,2020-10-31
푸르니어린이집,전라북도,전주시 덕진구,민간,36,7,전라북도 전주시 덕진구 호성로 170 관리동(진흥더블파크 3단지),063-275-7171,,,1,5,,,2020-10-31
푸르지오 어린이집,전라북도,전주시 덕진구,민간,30,10,전라북도 전주시 덕진구 인후동1가 석소로 77 아중대우아파트 관리동 1층,063-241-8006,,,0,5,,,2020-10-31
푸른꿈어린이집,전라북도,전주시 덕진구,민간,48,6,전라북도 전주시 덕진구 송천동2가 사근1길 11-6 현대3차단지내,063-277-8660,,,0,6,,,2020-10-31
푸른나무어린이집,전라북도,전주시 덕진구,사회복지법인,99,12,전라북도 전주시 덕진구 초당길 85-12,063-253-8561,,,1,11,,,2020-10-31
푸른샘 어린이집,전라북도,전주시 덕진구,가정,19,2,"전라북도 전주시 덕진구 석소로 27 104동 106호(인후동1가, 아중제일)",063-243-2552,,,0,4,,,2020-10-31
푸른아이어린이집,전라북도,전주시 완산구,민간,31,2,전라북도 전주시 완산구 평화동2가 평화9길 16 주민복지관 1층,063-903-0456,,,0,4,,,2020-10-31
푸른어린이집,전라북도,전주시 완산구,가정,19,7,"전라북도 전주시 완산구 평화로 95 101동 104호(평화동2가, 호반리젠시빌)",063-903-4419,,,0,4,,,2020-10-31
푸른초장어린이집,전라북도,전주시 완산구,민간,91,10,전라북도 전주시 완산구 덕적골3길 36-6 (평화동1가),063-232-1331,,,1,14,,,2020-10-31
푸른하늘어린이집,전라북도,전주시 완산구,가정,16,5,"전라북도 전주시 완산구 삼천천변2길 51 102동 112호(삼천동1가, 우성2차아파트)",063-229-7199,,,0,3,,,2020-10-31
풀빛유기농어린이집,전라북도,전주시 완산구,가정,20,6,전라북도 전주시 완산구 효자동3가 용호로 149 (효자동3가),063-225-5343,,,0,5,,,2020-10-31
풀잎어린이집,전라북도,전주시 덕진구,가정,20,4,"전라북도 전주시 덕진구 안덕원로 325 102동 106호(인후동1가, 인후송정써미트아파트)",063-245-8085,,,0,4,,,2020-10-31
풍림아이원어린이집,전라북도,전주시 완산구,가정,20,4,"전라북도 전주시 완산구 우전1길 40 101동 101호(효자동2가, 풍림아이원)",063-277-1388,,,0,4,,,2020-10-31
프리머스키즈어린이집,전라북도,전주시 덕진구,민간,49,9,"전라북도 전주시 덕진구 오공로 70 중동, 우미린 1차 관리동",063-228-9400,,,0,5,,,2020-10-31
하가부영어린이집,전라북도,전주시 덕진구,가정,19,5,"전라북도 전주시 덕진구 덕진동2가 경동로 20 114동104호(덕진동2가,전주하가사랑으로부영아파트)",070-4231-5682,,,0,4,,,2020-10-31
하가숲어린이집,전라북도,전주시 덕진구,가정,20,6,"전라북도 전주시 덕진구 덕진동2가 경동로 19 105동103호(덕진동2가,하가지구 제일오투그란데아파트)",063-255-7810,,,0,4,,,2020-10-31
하가엔젤어린이집,전라북도,전주시 덕진구,민간,99,11,전라북도 전주시 덕진구 덕진동2가 상가마을길 8-14,063-275-5115,,,1,8,,,2020-10-31
하가예다음어린이집,전라북도,전주시 덕진구,가정,17,4,"전라북도 전주시 덕진구 가련산로 24 104동 102호(덕진동2가, 영무예다음아파트)",063-275-4465,,,0,4,,,2020-10-31
하가오투어린이집,전라북도,전주시 덕진구,민간,29,8,전라북도 전주시 덕진구 덕진동2가 경동로 19 관리동 보육시설 (하가오투그란데아파트),063-272-1554,,,0,7,,,2020-10-31
하가휴먼빌 어린이집,전라북도,전주시 덕진구,민간,46,12,전라북도 전주시 덕진구 덕진동2가 하가로 10 관리동,063-251-3298,,,0,10,,,2020-10-31
하나가정어린이집,전라북도,전주시 덕진구,가정,11,6,"전라북도 전주시 덕진구 진버들3길 8-3 106동 102호(인후동1가, 진버들마을부영1차아파트)",063-245-8888,,,0,3,,,2020-10-31
하나캐슬어린이집,전라북도,전주시 완산구,민간,250,19,전라북도 전주시 완산구 장승배기로 46-10 (삼천동1가),063-225-7942,,,1,28,,,2020-10-31
하늘꿈어린이집,전라북도,전주시 완산구,가정,18,5,"전라북도 전주시 완산구 강변로 106 103동 101호(삼천동1가, 삼천하이츠)",063-229-0262,,,0,4,,,2020-10-31
하늘샘어린이집,전라북도,전주시 완산구,민간,32,9,전라북도 전주시 완산구 당산로 11-3 (서신동),063-277-7663,,,0,8,,,2020-10-31
하늘숲어린이집,전라북도,전주시 덕진구,민간,38,10,전라북도 전주시 덕진구 오공로 100 혁신호반베르디움 더클래스Ⅱ 아파트 관리동,063-902-3313,,,0,5,,,2020-10-31
하늘어린이집,전라북도,전주시 덕진구,민간,34,9,전라북도 전주시 덕진구 솔내로 124  송천2차 현대아파트 관리동,063-252-2217,,,1,5,,,2020-10-31
하늘채어린이집,전라북도,전주시 완산구,민간,34,6,전라북도 전주시 완산구 화산천변로 55 (중화산동2가) 관리동(코오롱하늘채아파트),063-236-7188,,,0,4,,,2020-10-31
하민어린이집,전라북도,전주시 덕진구,민간,39,12,전라북도 전주시 덕진구 인교6길 7 (우아동1가),063-242-9639,,,0,10,,,2020-10-31
하버드어린이집,전라북도,전주시 덕진구,가정,19,3,"전라북도 전주시 덕진구 가리내로 216 505동 101호(덕진동2가, 휴먼빌아파트)",063-277-2784,,,0,4,,,2020-10-31
하얀꿈어린이집,전라북도,전주시 완산구,가정,19,5,"전라북도 전주시 완산구 난전들로 257 102동 103호(삼천동1가, 대왕장미)",063-227-1451,,,0,4,,,2020-10-31
하음어린이집,전라북도,전주시 완산구,가정,20,2,전라북도 전주시 완산구 신봉2길 10 (효자동1가),063-909-3690,,,0,4,,,2020-10-31
학산어린이집,전라북도,전주시 완산구,사회복지법인,45,7,전라북도 전주시 완산구 평화동2가 모악로 4726-1 평화주공4단지 관리동(평화동2가),063-227-3177,,,0,5,,,2020-10-31
한국어린이집,전라북도,전주시 완산구,민간,99,12,전라북도 전주시 완산구 용산마을길 35 (삼천동2가),063-222-6531,,,1,9,,,2020-10-31
한나 어린이집,전라북도,전주시 덕진구,사회복지법인,48,12,전라북도 전주시 덕진구 인후동1가 무삼지3길 5-1 한나어린이집,063-245-2656,,,1,7,,,2020-10-31
한동어린이집,전라북도,전주시 완산구,민간,68,7,전라북도 전주시 완산구 평화19길 13-6 (평화동1가),063-225-5662,,,1,6,,,2020-10-31
한둥글어린이집,전라북도,전주시 덕진구,가정,20,5,"전라북도 전주시 덕진구 안덕원로 251 107동 103호(인후동1가, 한신휴플러스)",063-244-5364,,,0,4,,,2020-10-31
한라비발디어린이집,전라북도,전주시 덕진구,가정,20,6,전라북도 전주시 덕진구 송천동2가 천마산로 115 205동105호(송천동 한라비발디2단지),063-272-1772,,,0,4,,,2020-10-31
한라아이원어린이집,전라북도,전주시 덕진구,국공립,25,6,전라북도 전주시 덕진구 송천동2가 천마산로 115 209동 관리동,063-251-5522,,,0,6,,,2020-10-31
한마음어린이집,전라북도,전주시 완산구,사회복지법인,41,17,전라북도 전주시 완산구 계룡산길 44-6 (삼천동2가),063-224-0979,,,0,10,,,2020-10-31
한빛어린이집,전라북도,전주시 덕진구,사회복지법인,265,26,전라북도 전주시 덕진구 와룡로 109-13,063-252-3030,,,1,32,,,2020-10-31
한샘어린이집,전라북도,전주시 덕진구,민간,49,7,전라북도 전주시 덕진구 초포로 228-9,070-8666-7236,,,0,4,,,2020-10-31
한솔빛어린이집,전라북도,전주시 덕진구,민간,49,10,전라북도 전주시 덕진구 무삼지6길 8 (인후동1가),063-243-9611,,,0,10,,,2020-10-31
한솔어린이집,전라북도,전주시 완산구,민간,89,9,전라북도 전주시 완산구 유연로 349-18 (서신동),063-273-1350,,,1,6,,,2020-10-31
한아름어린이집,전라북도,전주시 완산구,가정,20,5,"전라북도 전주시 완산구 효자동2가 호암로 40 205동 103호(효자동2가,골든팰리스휴먼시아)",063-245-0741,,,0,4,,,2020-10-31
한우리어린이집,전라북도,전주시 완산구,가정,17,4,"전라북도 전주시 완산구 서곡로 11 105동 103호(효자동3가, 서곡대림)",063-275-8599,,,0,5,,,2020-10-31
해나라가정어린이집,전라북도,전주시 덕진구,가정,19,5,"전라북도 전주시 덕진구 붓내3길 29 105동 103호(송천동2가, 주공아파트)",063-254-3380,,,0,4,,,2020-10-31
해달별어린이집,전라북도,전주시 완산구,가정,19,5,"전라북도 전주시 완산구 당산로 55 201동 105호(서신동, 남양대명)",063-255-7222,,,0,4,,,2020-10-31
해뜨는어린이집,전라북도,전주시 완산구,가정,15,4,"전라북도 전주시 완산구 장승배기로 15 402동 104호(삼천동1가, 주공아파트)",063-225-1152,,,0,4,,,2020-10-31
해뜰어린이집,전라북도,전주시 완산구,민간,36,8,"전라북도 전주시 완산구 새터로 95 관리동(서신동, 동아한일)",063-276-0661,,,0,5,,,2020-10-31
해랑꿈이랑어린이집,전라북도,전주시 완산구,가정,19,5,"전라북도 전주시 완산구 거마평로 93 501동 106호(효자동1가, 쌍용모악파크빌라)",063-236-1474,,,0,4,,,2020-10-31
해맑은어린이집,전라북도,전주시 완산구,민간,99,7,전라북도 전주시 완산구 안행8길 30 (삼천동1가),063-236-5558,,,1,14,,,2020-10-31
해미리어린이집,전라북도,전주시 덕진구,민간,99,15,전라북도 전주시 덕진구 배미실마을길 18,063-253-7477,,,1,11,,,2020-10-31
해바라기어린이집,전라북도,전주시 덕진구,민간,181,22,전라북도 전주시 덕진구 가리내로 590 (송천동1가),063-277-3434,,,1,13,,,2020-10-31
해사랑어린이집,전라북도,전주시 덕진구,가정,19,2,"전라북도 전주시 덕진구 호성2길 16 106동 101호(호성동1가, 동아)",063-242-0246,,,0,4,,,2020-10-31
해성어린이집,전라북도,전주시 덕진구,가정,19,5,"전라북도 전주시 덕진구 진북로 15 102동 104호(진북동, 동국해성)",063-277-1248,,,0,4,,,2020-10-31
해솜어린이집,전라북도,전주시 완산구,가정,19,5,"전라북도 전주시 완산구 모악로 4681 102동 101호(평화동2가, 미송평화하이죤)",063-229-8586,,,0,4,,,2020-10-31
해오름어린이집,전라북도,전주시 완산구,가정,20,4,"전라북도 전주시 완산구 인봉남로 56 101동 104호(중노송동, 우성해오름아파트)",063-288-6433,,,0,4,,,2020-10-31
해오름재능어린이집,전라북도,전주시 덕진구,가정,19,5,전라북도 전주시 덕진구 송천동2가 사근1길 11 현대3차@303동102호,063-275-9594,,,0,4,,,2020-10-31
해와달어린이집,전라북도,전주시 완산구,가정,20,4,전라북도 전주시 완산구 공북3길 27-2 (태평동),063-251-8235,,,0,4,,,2020-10-31
해와솔어린이집,전라북도,전주시 덕진구,민간,37,9,전라북도 전주시 덕진구 인후동1가 무삼지로 10 아중마을부영6차아파트 관리사무소1층,063-246-9967,,,0,4,,,2020-10-31
해피랜드24시어린이집,전라북도,전주시 완산구,가정,19,6,"전라북도 전주시 완산구 새터로 100 101동 102호(서신동, 대우대창)",063-274-6523,,,0,4,,,2020-10-31
해피안어린이집,전라북도,전주시 완산구,민간,29,4,"전라북도 전주시 완산구 평화7길 40 관리동(평화동2가, 송정써미트)",063-228-5030,,,0,5,,,2020-10-31
해피자이어린이집,전라북도,전주시 덕진구,가정,19,4,"전라북도 전주시 덕진구 송천동1가 두간6길 10 103동 102호(송천동1가, 송천자이 아파트)",063-273-1420,,,0,4,,,2020-10-31
해피트리어린이집,전라북도,전주시 완산구,가정,19,5,"전라북도 전주시 완산구 삼천천변3길 20 106동 102호(삼천동1가, 호반리젠시빌)",063-229-3455,,,0,4,,,2020-10-31
햇살나라어린이집,전라북도,전주시 덕진구,민간,42,5,전라북도 전주시 덕진구 인후동1가 무삼지5길 6-3 1층,063-247-6565,,,1,14,,,2020-10-31
햇살아이어린이집,전라북도,전주시 덕진구,가정,19,6,"전라북도 전주시 덕진구 호성로 136 201동 106호(호성동1가, 진흥더블파크2단지)",063-246-7658,,,0,4,,,2020-10-31
햇살어린이집,전라북도,전주시 완산구,가정,20,5,"전라북도 전주시 완산구 당산로 34 101동 104호(서신동, 비사벌)",063-277-0120,,,0,4,,,2020-10-31
행복나무어린이집,전라북도,전주시 덕진구,가정,19,4,"전라북도 전주시 덕진구 석소로 55 101동 104호(인후동1가, 아중현대)",063-243-2345,,,0,4,,,2020-10-31
행복숲어린이집,전라북도,전주시 덕진구,민간,49,8,전라북도 전주시 덕진구 백동로 32 (인후동2가),063-246-0657,,,0,9,,,2020-10-31
행복웃음어린이집,전라북도,전주시 완산구,가정,19,3,"전라북도 전주시 완산구 세내로 241 104동 103호(효자동2가, 효자1차엘드수목토)",063-226-0277,,,0,4,,,2020-10-31
행복주머니어린이집,전라북도,전주시 완산구,가정,19,6,"전라북도 전주시 완산구 평화로 120 102동 101호(평화동2가, 경복궁아파트)",063-902-9507,,,0,4,,,2020-10-31
행복한가정어린이집,전라북도,전주시 완산구,가정,19,5,"전라북도 전주시 완산구 평화로 95 103동 101호(평화동2가, 호반리젠시빌)",063-901-1112,,,0,4,,,2020-10-31
행복한미키어린이집,전라북도,전주시 완산구,가정,20,4,"전라북도 전주시 완산구 평화동1가 덕적골1길 50 103동 104호(평화동 1가, 오네뜨아파트)",063-227-6382,,,0,5,,,2020-10-31
행복한어린이집,전라북도,전주시 완산구,가정,19,5,"전라북도 전주시 완산구 장승배기로 15 405동 104호(삼천동1가, 삼천주공4단지)",063-225-8494,,,0,4,,,2020-10-31
현대아이사랑어린이집,전라북도,전주시 완산구,가정,20,6,"전라북도 전주시 완산구 세내로 545 105동 102호(효자동3가,서곡현대)",063-276-5585,,,0,4,,,2020-10-31
현대어린이집,전라북도,전주시 완산구,사회복지법인,97,11,전라북도 전주시 완산구 인정2길 12 (중화산동2가),063-227-2530,,,1,11,,,2020-10-31
현대코끼리어린이집,전라북도,전주시 덕진구,가정,19,6,"전라북도 전주시 덕진구 솔내로 124 203동 101호(송천동1가, 송천현대2차아파트)",063-903-2800,,,0,4,,,2020-10-31
현대키즈 어린이집,전라북도,전주시 덕진구,가정,19,6,"전라북도 전주시 덕진구 석소로 55 114동 104호(인후동1가, 아중현대)",063-247-7784,,,0,4,,,2020-10-31
현대피노키오어린이집,전라북도,전주시 덕진구,가정,20,5,"전라북도 전주시 덕진구 석소로 55 106동 101호(인후동1가, 아중현대)",063-242-3861,,,0,5,,,2020-10-31
현어린이집,전라북도,전주시 덕진구,가정,20,1,"전라북도 전주시 덕진구 호성로 170 304동 103호(호성동2가, 진흥더블유파크아파트)",063-274-8775,,,0,4,,,2020-10-31
혜윰어린이집,전라북도,전주시 완산구,가정,19,6,"전라북도 전주시 완산구 장승배기로 15 404동 103호(삼천동1가, 주공아파트)",063-225-8529,,,0,4,,,2020-10-31
호남어린이집,전라북도,전주시 완산구,민간,99,12,전라북도 전주시 완산구 삼산길 26 (삼천동3가),063-227-9100,,,1,9,,,2020-10-31
호두나무어린이집,전라북도,전주시 덕진구,민간,24,6,전라북도 전주시 덕진구 가리내로 216 휴먼빌아파트 관리동 1층 (덕진동2가),063-255-2279,,,0,4,,,2020-10-31
호반아이잼어린이집,전라북도,전주시 덕진구,민간,48,12,전라북도 전주시 덕진구 오공로 71 혁신호반베르디움1차아파트 관리동,063-236-1355,,,0,8,,,2020-10-31
호반어린이집,전라북도,전주시 완산구,민간,37,9,"전라북도 전주시 완산구 유연로 217-11 관리동(효자동3가, 호반베르디움)",063-229-7955,,,0,4,,,2020-10-31
호반예꼬별어린이집,전라북도,전주시 덕진구,민간,57,13,전라북도 전주시 덕진구 출판로 87 209동101호(호반베르디움 더클래스) 관리동,063-214-5252,,,1,12,,,2020-10-31
효성어린이집,전라북도,전주시 덕진구,가정,19,7,전라북도 전주시 덕진구 송천동2가 사근1길 11 현대3차아파트307동108호,063-255-5628,,,0,4,,,2020-10-31
효자아이꿈어린이집,전라북도,전주시 완산구,가정,19,6,"전라북도 전주시 완산구 거마평로 217 101동 106호(효자동1가, 뷰티빌아파트)",063-226-6996,,,0,4,,,2020-10-31
효자제일어린이집,전라북도,전주시 완산구,법인·단체,48,6,전라북도 전주시 완산구 신촌1길 44-3 (효자동3가),063-226-1398,,,0,6,,,2020-10-31
훈민정음어린이집,전라북도,전주시 덕진구,민간,92,6,전라북도 전주시 덕진구 모래내5길 52 (금암동),063-274-0543,,,1,10,,,2020-10-31
휴먼빌어린이집,전라북도,전주시 덕진구,가정,19,5,"전라북도 전주시 덕진구 가리내로 216 501동 103호(덕진동2가, 휴먼빌아파트)",063-908-8876,,,0,4,,,2020-10-31
휴먼시아맑은샘어린이집,전라북도,전주시 완산구,국공립,34,12,"전라북도 전주시 완산구 용호로 20 307동 1층(효자동2가, 휴먼시아3단지아파트)",063-223-3883,,,0,4,,,2020-10-31
휴먼시아밝은빛어린이집,전라북도,전주시 완산구,국공립,47,11,"전라북도 전주시 완산구 호암로 88 관리동1층(효자동2가, 효자휴먼시아6단지)",063-223-0103,,,0,4,,,2020-10-31
휴먼시아숲속어린이집,전라북도,전주시 완산구,국공립,37,12,"전라북도 전주시 완산구 호암로 2 1블럭관리동내(효자동2가, 휴먼시아)",063-223-6543,,,0,6,,,2020-10-31
휴먼시아어린이집,전라북도,전주시 완산구,가정,20,5,"전라북도 전주시 완산구 소태정로 1 402동 103호(효자동2가, 휴먼시아아이린)",063-226-8384,,,0,4,,,2020-10-31
휴먼시아해오름어린이집,전라북도,전주시 완산구,국공립,47,14,"전라북도 전주시 완산구 호암로 87 관리동(효자동2가, 휴먼시아5단지)",063-236-0131,,,0,5,,,2020-10-31
휴플러스어린이집,전라북도,전주시 완산구,가정,19,4,"전라북도 전주시 완산구 따박골4길 10 104동 104호(효자동1가, 한신휴플러스)",063-228-7075,,,0,4,,,2020-10-31
흥건어린이집,전라북도,전주시 완산구,가정,20,1,"전라북도 전주시 완산구 삼천천변1길 46 105동 101호(삼천동1가, 흥건삼천1차)",063-237-5510,,,0,2,,,2020-10-31
희망어린이집,전라북도,전주시 덕진구,가정,19,4,"전라북도 전주시 덕진구 호성동1가 호성로 136 202동 103호(호성동1가, 진흥더블파크아파트)",063-902-1228,,,0,4,,,2020-10-31
희망찬어린이집,전라북도,전주시 덕진구,가정,19,3,"전라북도 전주시 덕진구 호성2길 16 101동 101호(호성동1가, 동아)",063-246-5406,,,0,4,,,2020-10-31
힐스테이트어린이집,전라북도,전주시 완산구,민간,29,0,전라북도 전주시 완산구 효자동3가 세내로 291,063-221-2550,,,0,4,,,2020-10-31
