순번,설치장소,구분,부스형별,연식,지번주소,개소수,경도,위도
1,명성아파트,옥외,FRP 일반1형,1연식,전라북도 전주시 덕진구 고랑동 820-21,1,127.078086,35.876767
2,일성약국앞,옥외,FRP 일반1형,2연식,전라북도 전주시 덕진구 금암동 1547-8,1,127.138679,35.842844
3,소방서앞,옥외,FRP 비방음,2연식,전라북도 전주시 덕진구 금암동 1548-19,1,127.135878,35.841996
4,벧엘신경외과앞,옥외,FRP 일반1형,2연식,전라북도 전주시 덕진구 금암동 1554-3,1,127.138597,35.841083
5,이영환가정의학과앞,옥외,FRP 비방음,2연식,전라북도 전주시 덕진구 금암동 1560-1,1,127.138423,35.839078
6,금암동시립도서관/1층,옥내,벽걸이,1연식,전라북도 전주시 덕진구 금암동 1569-1,1,127.140125,35.836283
7,두산프라자입구,옥외,FRP 방음,2연식,전라북도 전주시 덕진구 금암동 1587-109,1,127.140272,35.842614
8,백제로사거리,옥외,FRP 방음,2연식,전라북도 전주시 덕진구 금암동 1589-4,1,127.13966,35.843079
9,푸른안과앞,옥외,FRP 일반1형,2연식,전라북도 전주시 덕진구 금암동 1591-24,1,127.140382,35.843341
10,금암2동파출소앞,옥외,FRP 하단개방형,2연식,전라북도 전주시 덕진구 금암동 1597-8,1,127.143632,35.843478
11,분수대,옥외,FRP 비방음,2연식,전라북도 전주시 덕진구 금암동 454-2,1,127.135905,35.834301
12,엘림신경정신과의원,옥내,벽걸이,1연식,전라북도 전주시 덕진구 금암동 454-6,1,127.13613,35.833971
13,인켈카오디오앞,옥외,FRP 일반1형,1연식,전라북도 전주시 덕진구 금암동 456-1,1,127.135167,35.833184
14,금암동전북은행앞,옥외,FRP 하단개방형,1연식,전라북도 전주시 덕진구 금암동 457-6,1,127.135106,35.834027
15,중고차매매,옥외,FRP 일반1형,1연식,전라북도 전주시 덕진구 금암동 459-1,1,127.134197,35.834081
16,금암파출소건너,옥외,FRP 일반1형,2연식,전라북도 전주시 덕진구 금암동 470-16,1,127.134203,35.836441
17,기린로대성학원옆,옥외,FRP 일반1형,2연식,전라북도 전주시 덕진구 금암동 511-4,1,127.13764,35.833628
18,금암초등학교,옥외,FRP 비방음,1연식,전라북도 전주시 덕진구 금암동 522-1,1,127.136481,35.836984
19,KBS사거리,옥외,FRP 일반1형,2연식,전라북도 전주시 덕진구 금암동 522-69,1,127.136584,35.83619
20,금암우체국앞,옥외,FRP 비방음,1연식,전라북도 전주시 덕진구 금암동 522-93,1,127.136112,35.835909
21,전북의대입구,옥외,FRP 일반1형,1연식,전라북도 전주시 덕진구 금암동 632-153,1,127.1427,35.846953
22,전북의대/버스승강장,옥외,FRP 비방음,1연식,전라북도 전주시 덕진구 금암동 634-18,1,127.140121,35.846073
23,전북의대/본관2층,옥내,사제형,1연식,전라북도 전주시 덕진구 금암동 634-18,1,127.140121,35.846073
24,전북의대/본관3층,옥내,사제형,1연식,전라북도 전주시 덕진구 금암동 634-18,1,127.142699,35.846965
25,전북의대/본관4층,옥내,벽걸이,1연식,전라북도 전주시 덕진구 금암동 634-18,1,127.142699,35.846965
26,전북의대/본관5층,옥내,벽걸이,1연식,전라북도 전주시 덕진구 금암동 634-18,1,127.142699,35.846965
27,전북의대/본관6층,옥내,벽걸이,1연식,전라북도 전주시 덕진구 금암동 634-18,1,127.142699,35.846965
28,전북의대/응급센타1층,옥내,사제형,1연식,전라북도 전주시 덕진구 금암동 634-18,1,127.135481,35.842732
29,전북의대/응급센타2층,옥내,사제형,1연식,전라북도 전주시 덕진구 금암동 634-18,1,127.135481,35.842732
30,전북의대/응급센타3층,옥내,벽걸이,1연식,전라북도 전주시 덕진구 금암동 634-18,1,127.135481,35.842732
31,전북의대/응급센타4층,옥내,벽걸이,1연식,전라북도 전주시 덕진구 금암동 634-18,1,127.135481,35.842732
32,전북의대/응급센타5층,옥내,부스무,1연식,전라북도 전주시 덕진구 금암동 634-18,1,127.135481,35.842732
33,전북의대/응급센타6층,옥내,벽걸이,1연식,전라북도 전주시 덕진구 금암동 634-18,1,127.135481,35.842732
34,전북의대/장례식장지하,옥내,벽걸이,1연식,전라북도 전주시 덕진구 금암동 634-18,1,127.140878,35.849029
35,전북의대/정신과,옥내,벽걸이,1연식,전라북도 전주시 덕진구 금암동 634-18,1,127.140121,35.846073
36,전북의대/현관,옥내,목재탁상형,1연식,전라북도 전주시 덕진구 금암동 634-18,1,127.140121,35.846073
37,금암파출소옆,옥외,FRP 일반1형,1연식,전라북도 전주시 덕진구 금암동 697-8,1,127.133712,35.836175
38,공용터미널/하차장,옥외,FRP 하단개방형,2연식,전라북도 전주시 덕진구 금암동 700-7,1,127.131309,35.834723
39,공용터미널건너,옥외,FRP 비방음,3연식,전라북도 전주시 덕진구 금암동 706-5,1,127.131623,35.833903
40,경기장사거리,옥외,FRP 방음,3연식,전라북도 전주시 덕진구 금암동 709-12,1,127.12944,35.840107
41,전북일보앞,옥외,FRP 일반1형,2연식,전라북도 전주시 덕진구 금암동 710-5,1,127.130856,35.839079
42,방통대입구,옥외,FRP 일반1형,2연식,전라북도 전주시 덕진구 금암동 711-12,1,127.130524,35.838447
43,한국병원,옥내,벽걸이,1연식,전라북도 전주시 덕진구 금암동 728-38,1,127.133638,35.84147
44,송백장앞,옥외,FRP 일반1형,2연식,전라북도 전주시 덕진구 금암동 752-17,1,127.129943,35.837509
45,고속1층,옥내,벽걸이,1연식,전라북도 전주시 덕진구 금암동 767-2,1,127.129073,35.835013
46,고속2층,옥내,사제형,1연식,전라북도 전주시 덕진구 금암동 767-2,1,127.129073,35.835013
47,고속천변,옥외,세이프존_공중전화부스G,3연식,전라북도 전주시 덕진구 금암동 767-2,1,127.129023,35.834942
48,고속천변,옥외,세이프존_공중전화부스G,3연식,전라북도 전주시 덕진구 금암동 767-2,3,127.129023,35.834942
49,광주고속건너,옥외,FRP 비방음,2연식,전라북도 전주시 덕진구 금암동 768-10,1,127.128412,35.835166
50,공용터미널앞,옥외,FRP 방음,3연식,전라북도 전주시 덕진구 금암동 796-5,1,127.132463,35.834713
51,공용터미널앞,옥외,FRP 하단개방형,2연식,전라북도 전주시 덕진구 금암동 796-5,2,127.132463,35.834713
52,공용터미널앞/한진공용,옥내,벽걸이,1연식,전라북도 전주시 덕진구 금암동 796-5,1,127.132463,35.834713
53,경기장내,옥외,FRP 방음,2연식,전라북도 전주시 덕진구 덕진동1가 1220-1,1,127.124805,35.839442
54,말일성도교회앞,옥외,FRP 방음,2연식,전라북도 전주시 덕진구 덕진동1가 1261-4,1,127.126541,35.843473
55,전북대구정문옆,옥외,FRP 비방음,2연식,전라북도 전주시 덕진구 덕진동1가 1262-30,1,127.126349,35.84292
56,덕진성당앞,옥외,FRP 비방음,3연식,전라북도 전주시 덕진구 덕진동1가 1262-7,1,127.125788,35.842899
57,일양병원앞,옥외,FRP 방음,2연식,전라북도 전주시 덕진구 덕진동1가 1265-12,1,127.127142,35.84163
58,전주문구앞,옥외,세이프존_공중전화부스G,3연식,전라북도 전주시 덕진구 덕진동1가 1266-20,1,127.126496,35.842447
59,전주문구앞,옥외,세이프존_공중전화부스G,3연식,전라북도 전주시 덕진구 덕진동1가 1266-20,3,127.126496,35.842447
60,북대입구,옥외,FRP 비방음,2연식,전라북도 전주시 덕진구 덕진동1가 1267-10,1,127.125396,35.842126
61,북대앞지하보도,옥외,FRP 방음,2연식,전라북도 전주시 덕진구 덕진동1가 1267-20,1,127.126155,35.84168
62,kt북전주지사앞,옥외,FRP 비방음,2연식,전라북도 전주시 덕진구 덕진동1가 1274-1,1,127.123214,35.842461
63,덕진파출소사거리,옥외,FRP 비방음,2연식,전라북도 전주시 덕진구 덕진동1가 1275-19,1,127.124659,35.842787
64,덕진우체국,옥외,FRP 비방음,2연식,전라북도 전주시 덕진구 덕진동1가 1276-10,1,127.124686,35.843422
65,덕진터미널/매표소,옥외,옥외사제형,1연식,전라북도 전주시 덕진구 덕진동1가 1278-2,1,127.124213,35.844008
66,경기장앞(세이프존),옥외,세이프존_공중전화부스G,3연식,전라북도 전주시 덕진구 덕진동1가 1283-2,1,127.126314,35.840879
67,경기장앞(세이프존),옥외,세이프존_공중전화부스G,3연식,전라북도 전주시 덕진구 덕진동1가 1283-2,3,127.126314,35.840879
68,전라북도체육회관,옥외,옥외사제형,1연식,전라북도 전주시 덕진구 덕진동1가 1283-2,1,127.126314,35.840879
69,전라북도체육회관,옥외,옥외사제형,1연식,전라북도 전주시 덕진구 덕진동1가 1283-2,2,127.126314,35.840879
70,콜마트앞,옥외,FRP 비방음,2연식,전라북도 전주시 덕진구 덕진동1가 1314-154,1,127.124272,35.845011
71,크로바편의점앞,옥외,FRP 비방음,2연식,전라북도 전주시 덕진구 덕진동1가 1314-205,1,127.125698,35.844121
72,덕진공원/관리소옆,옥외,FRP 비방음,2연식,전라북도 전주시 덕진구 덕진동1가 1316-2,1,127.12304,35.84878
73,덕진공원/그네옆,옥외,FRP 일반1형,1연식,전라북도 전주시 덕진구 덕진동1가 1316-2,1,127.12304,35.84878
74,덕진공원/요트장,옥외,FRP 방음,1연식,전라북도 전주시 덕진구 덕진동1가 1316-2,1,127.12304,35.84878
75,덕진공원앞,옥외,일반A형 SV-1,1연식,전라북도 전주시 덕진구 덕진동1가 1316-2,1,127.12304,35.84878
76,덕진공원앞,옥외,일반A형 SV-1,1연식,전라북도 전주시 덕진구 덕진동1가 1316-2,2,127.12304,35.84878
77,전북대/기숙사/2층,옥내,부스무,1연식,전라북도 전주시 덕진구 덕진동1가 1327-37,1,127.127657,35.851127
78,kt북전주지사건너,옥외,FRP 비방음,2연식,전라북도 전주시 덕진구 덕진동1가 1402-27,1,127.122968,35.843098
79,법원앞,옥외,FRP 일반1형,2연식,전라북도 전주시 덕진구 덕진동1가 1407-2,1,127.120609,35.84022
80,법원/민원실,옥외,FRP 하단개방형,2연식,전라북도 전주시 덕진구 덕진동1가 1416-1,1,127.119183,35.840845
81,체신아파트,옥외,FRP 일반1형,1연식,전라북도 전주시 덕진구 덕진동1가 1547-89,1,127.119612,35.838112
82,연화마을,옥외,FRP 일반1형,1연식,전라북도 전주시 덕진구 덕진동1가 654-22,1,127.132165,35.853803
83,실내체육관앞,옥외,FRP 방음,1연식,전라북도 전주시 덕진구 덕진동1가 664-14,1,127.129264,35.844208
84,전북대/2도서관,옥외,FRP 지체비방음1형,1연식,전라북도 전주시 덕진구 덕진동1가 664-14,1,127.1357,35.847224
85,전북대/2도서관,옥외,FRP 방음,2연식,전라북도 전주시 덕진구 덕진동1가 664-14,2,127.1357,35.847224
86,전북대/공대,옥외,FRP 일반1형,1연식,전라북도 전주시 덕진구 덕진동1가 664-14,1,127.132603,35.846571
87,전북대/공대매점,옥외,FRP 일반1형,1연식,전라북도 전주시 덕진구 덕진동1가 664-14,1,127.132277,35.846966
88,전북대/공대매점,옥외,FRP 지체비방음,1연식,전라북도 전주시 덕진구 덕진동1가 664-14,2,127.132277,35.846966
89,전북대/본관1층,옥내,부스무,1연식,전라북도 전주시 덕진구 덕진동1가 664-14,1,127.131332,35.84437
90,전북대/상대1호관앞,옥외,FRP 지체비방음,1연식,전라북도 전주시 덕진구 덕진동1가 664-14,1,127.1339,35.844724
91,전북대/상대2호관,옥외,FRP 지체비방음,1연식,전라북도 전주시 덕진구 덕진동1가 664-14,1,127.135303,35.84473
92,전북대/신정문,옥외,FRP 비방음,3연식,전라북도 전주시 덕진구 덕진동1가 664-14,1,127.131713,35.841057
93,전북대/우체국,옥내,벽걸이,1연식,전라북도 전주시 덕진구 덕진동1가 664-14,1,127.132005,35.846257
94,전북대/중앙도서관,옥외,FRP 일반1형,1연식,전라북도 전주시 덕진구 덕진동1가 664-14,1,127.131905,35.848236
95,전북대/학생회관,옥외,FRP 지체비방음1형,1연식,전라북도 전주시 덕진구 덕진동1가 664-14,2,127.128113,35.845843
96,소리문화/국악당옆,옥외,옥외사제형,1연식,전라북도 전주시 덕진구 덕진동1가 산1-1,1,127.13933,35.854681
97,소리문화/대극장광장,옥외,옥외사제형,1연식,전라북도 전주시 덕진구 덕진동1가 산1-1,1,127.13933,35.854681
98,소리문화/입구,옥외,옥외사제형,1연식,전라북도 전주시 덕진구 덕진동1가 산1-1,1,127.13933,35.854681
99,체련공원,옥외,FRP 하단개방형,2연식,전라북도 전주시 덕진구 덕진동1가 산1-14,1,127.139839,35.854017
100,호야주택,옥외,FRP 일반1형,1연식,전라북도 전주시 덕진구 덕진동2가 133-1,1,127.114615,35.847754
101,원대한방병원/1층,옥내,사제형,1연식,전라북도 전주시 덕진구 덕진동2가 142-1,1,127.116208,35.846994
102,덕진오성유토피아,옥외,FRP 일반1형,2연식,전라북도 전주시 덕진구 덕진동2가 20,1,127.11604,35.852521
103,덕진중학교입구,옥외,FRP 비방음,2연식,전라북도 전주시 덕진구 덕진동2가 220-1,1,127.119866,35.846084
104,전일슈퍼앞,옥외,FRP 일반1형,2연식,전라북도 전주시 덕진구 덕진동2가 70-4,1,127.114564,35.84935
105,덕일초등학교3층,옥내,벽걸이,1연식,전라북도 전주시 덕진구 덕진동2가 99-1,1,127.111906,35.84892
106,대승아파트,옥외,FRP 일반1형,1연식,전라북도 전주시 덕진구 동산동 459-3,1,127.082199,35.871401
107,동산우신아파트,옥외,FRP 일반1형,2연식,전라북도 전주시 덕진구 동산동 643,1,127.081868,35.872224
108,동산우체국앞,옥외,FRP 비방음,3연식,전라북도 전주시 덕진구 동산동 690-2,1,127.076295,35.87256
109,북전주농협앞,옥외,FRP 하단개방형,2연식,전라북도 전주시 덕진구 동산동 694,1,127.077338,35.871414
110,반월주공아파트,옥외,FRP 방음,2연식,전라북도 전주시 덕진구 반월동 1229,1,127.07286,35.872263
111,반월삼오아파트,옥외,FRP 일반1형,1연식,전라북도 전주시 덕진구 반월동 374-4,1,127.068984,35.872966
112,남양반월타운,옥외,FRP 비방음,1연식,전라북도 전주시 덕진구 반월동 382,1,127.071173,35.872893
113,반월한강아파트,옥외,FRP 일반1형,2연식,전라북도 전주시 덕진구 반월동 386-7,1,127.070987,35.873686
114,대창하이빌아파트,옥외,FRP 비방음,1연식,전라북도 전주시 덕진구 반월동 422-1,1,127.071144,35.875201
115,월드컵/남측매표소,옥외,옥외사제형,2연식,전라북도 전주시 덕진구 반월동 763-1,1,127.06354,35.868008
116,월드컵/동측매표소,옥외,옥외사제형,5연식,전라북도 전주시 덕진구 반월동 763-1,1,127.066826,35.867641
117,송천신일아파트,옥외,FRP 방음,2연식,전라북도 전주시 덕진구 송천동1가 101-3,1,127.127983,35.862473
118,광진한솔아파트,옥외,FRP 일반1형,1연식,전라북도 전주시 덕진구 송천동1가 108,1,127.124478,35.861488
119,송천우림아파트,옥외,FRP 비방음,2연식,전라북도 전주시 덕진구 송천동1가 117,1,127.12559,35.861727
120,전라고앞,옥외,FRP 일반1형,2연식,전라북도 전주시 덕진구 송천동1가 120-17,1,127.123165,35.859839
121,송천진흥더블파크정문,옥외,옥외사제형,1연식,전라북도 전주시 덕진구 송천동1가 12-10,1,127.132442,35.863921
122,송천진흥더블파크후문,옥외,옥외사제형,1연식,전라북도 전주시 덕진구 송천동1가 12-10,1,127.132442,35.863921
123,송천영창드림랜드아파트,옥외,FRP 방음,1연식,전라북도 전주시 덕진구 송천동1가 123-12,1,127.122691,35.858992
124,전라고/현관,옥내,부스무,1연식,전라북도 전주시 덕진구 송천동1가 137-25,1,127.124772,35.859985
125,송천현대아파트2차,옥외,FRP 비방음,2연식,전라북도 전주시 덕진구 송천동1가 141,1,127.127878,35.86134
126,송천오성비둘기아파트,옥외,FRP 일반1형,1연식,전라북도 전주시 덕진구 송천동1가 213,1,127.122611,35.856332
127,제일센트럴파크2단지,옥외,FRP 비방음,1연식,전라북도 전주시 덕진구 송천동1가 308-1,1,127.117174,35.853981
128,송천서호2차아파트,옥외,FRP 방음,2연식,전라북도 전주시 덕진구 송천동1가 329,1,127.117782,35.857084
129,송천서호아파트,옥외,FRP 일반1형,1연식,전라북도 전주시 덕진구 송천동1가 348-2,1,127.118787,35.855575
130,송천동성약국앞,옥외,FRP 비방음,2연식,전라북도 전주시 덕진구 송천동1가 385-4,1,127.120005,35.856238
131,송천라이프주택,옥외,FRP 일반1형,2연식,전라북도 전주시 덕진구 송천동1가 417,1,127.118761,35.85926
132,송천비사벌1단지,옥외,FRP 일반1형,2연식,전라북도 전주시 덕진구 송천동1가 464-6,1,127.118807,35.860036
133,전라고사거리,옥외,FRP 비방음,2연식,전라북도 전주시 덕진구 송천동1가 478-3,1,127.121549,35.859961
134,국민은행송천점앞,옥외,FRP 일반1형,2연식,전라북도 전주시 덕진구 송천동1가 481-6,1,127.120962,35.860177
135,국민은행송천점앞,옥외,FRP 일반1형,1연식,전라북도 전주시 덕진구 송천동1가 481-6,2,127.120962,35.860177
136,송천우체국앞,옥외,FRP 일반1형,1연식,전라북도 전주시 덕진구 송천동1가 488-2,1,127.121809,35.861254
137,성원무지개아파트,옥외,FRP 하단개방형,2연식,전라북도 전주시 덕진구 송천동1가 543-2,1,127.119794,35.864177
138,송천한양아파트,옥외,FRP 일반1형,2연식,전라북도 전주시 덕진구 송천동1가 605-4,1,127.112982,35.860393
139,송천제일아파트앞,옥외,FRP 일반1형,1연식,전라북도 전주시 덕진구 송천동1가 626-3,1,127.11585,35.860408
140,GS송천자이아파트,옥외,옥외사제형,1연식,전라북도 전주시 덕진구 송천동1가 806,1,127.119031,35.865948
141,송천시영아파트,옥외,FRP 비방음,2연식,전라북도 전주시 덕진구 송천동2가 1221,1,127.112379,35.868552
142,송천주공아파트관리실앞,옥외,FRP 일반1형,1연식,전라북도 전주시 덕진구 송천동2가 1268,1,127.125439,35.867345
143,송천주공아파트복합상가,옥외,FRP 일반1형,2연식,전라북도 전주시 덕진구 송천동2가 1268,1,127.127021,35.868382
144,송천주공아파트후문,옥외,FRP 비방음,2연식,전라북도 전주시 덕진구 송천동2가 1268,1,127.124626,35.866832
145,송천주공2차아파트,옥외,FRP 일반1형,2연식,전라북도 전주시 덕진구 송천동2가 1280,1,127.125864,35.865041
146,송천시립도서관1층,옥내,벽걸이,1연식,전라북도 전주시 덕진구 송천동2가 168-5,1,127.128231,35.869323
147,송천현대아파트1차,옥외,FRP 방음,1연식,전라북도 전주시 덕진구 송천동2가 189-2,1,127.124748,35.864427
148,송북초등학교앞,옥외,FRP 일반1형,1연식,전라북도 전주시 덕진구 송천동2가 189-9,1,127.123921,35.863974
149,송천비사벌2단지,옥외,FRP 일반1형,2연식,전라북도 전주시 덕진구 송천동2가 197-2,1,127.122964,35.865795
150,송천동서로마트앞,옥외,FRP 일반1형,2연식,전라북도 전주시 덕진구 송천동2가 216-6,1,127.126102,35.866455
151,송천현대3차아파트정문,옥외,FRP 비방음,2연식,전라북도 전주시 덕진구 송천동2가 285,1,127.1285,35.866716
152,송천현대3차아파트후문,옥외,FRP 비방음,1연식,전라북도 전주시 덕진구 송천동2가 285,1,127.12959,35.86814
153,35사단/206항공대,옥외,1541방음형,1연식,전라북도 전주시 덕진구 송천동2가 377-17,1,127.118778,35.876853
154,35사단/206항공대,옥외,FRP 일반1형,2연식,전라북도 전주시 덕진구 송천동2가 377-17,1,127.118778,35.876853
155,35사단/506항공대,옥외,1541방음형,1연식,전라북도 전주시 덕진구 송천동2가 377-17,2,127.118778,35.876853
156,농산물공판장/수협,옥외,FRP 일반1형,2연식,전라북도 전주시 덕진구 송천동2가 492-36,1,127.11715,35.869169
157,농산물공판장/원협,옥외,FRP 일반1형,2연식,전라북도 전주시 덕진구 송천동2가 506-1,1,127.117783,35.868662
158,현대자동차송천점앞,옥외,FRP 비방음,1연식,전라북도 전주시 덕진구 송천동2가 522-1,1,127.121889,35.866234
159,송천대명아파트,옥외,FRP 일반1형,2연식,전라북도 전주시 덕진구 송천동2가 530-3,1,127.113867,35.862905
160,송천쌍용2차아파트,옥외,FRP 비방음,2연식,전라북도 전주시 덕진구 송천동2가 536,1,127.112647,35.864063
161,송천롯데아파트,옥외,FRP 하단개방형,1연식,전라북도 전주시 덕진구 송천동2가 561-19,1,127.113862,35.867272
162,송천롯데아파트앞,옥외,FRP 비방음,1연식,전라북도 전주시 덕진구 송천동2가 561-19,1,127.113411,35.866691
163,송천동아아파트상가앞,옥외,FRP 일반1형,1연식,전라북도 전주시 덕진구 송천동2가 561-24,1,127.113411,35.866691
164,농산물공판장/다농,옥외,FRP 비방음,1연식,전라북도 전주시 덕진구 송천동2가 587-5,1,127.11623,35.86725
165,면허시험장/내,옥외,FRP 비방음,2연식,전라북도 전주시 덕진구 여의동 1136,1,127.070546,35.861586
166,여의동국아파트,옥외,FRP 방음,1연식,전라북도 전주시 덕진구 여의동 582-1,1,127.075632,35.870618
167,동산공영아파트,옥외,FRP 하단개방형,2연식,전라북도 전주시 덕진구 여의동 639-2,1,127.074819,35.868672
168,여의동제일아파트,옥외,FRP 비방음,2연식,전라북도 전주시 덕진구 여의동 669,1,127.07753,35.867586
169,여의동제일아파트내,옥외,FRP 비방음,1연식,전라북도 전주시 덕진구 여의동 669,1,127.07753,35.867586
170,전주농산물물류센타/입구,옥내,사제형,1연식,전라북도 전주시 덕진구 여의동 850,1,127.077876,35.853108
171,아중국민체육센타,옥외,FRP 하단개방형,1연식,전라북도 전주시 덕진구 우아동1가 1007-1,1,127.170216,35.82382
172,아중대우2차아파트,옥외,FRP 비방음,1연식,전라북도 전주시 덕진구 우아동2가 853-1,1,127.165594,35.837538
173,아중대우2차아파트상가,옥외,FRP 일반1형,2연식,전라북도 전주시 덕진구 우아동2가 853-1,1,127.164739,35.837895
174,아중현대아파트후문,옥외,FRP 비방음,2연식,전라북도 전주시 덕진구 우아동2가 875-3,1,127.167627,35.832051
175,아중롯데아파트,옥외,FRP 비방음,2연식,전라북도 전주시 덕진구 우아동2가 887,1,127.169033,35.831501
176,전주역광장우측,옥외,FRP 방음,2연식,전라북도 전주시 덕진구 우아동3가 235-10,1,127.162273,35.850104
177,전주역광장우측,옥외,FRP 방음,2연식,전라북도 전주시 덕진구 우아동3가 235-10,2,127.162273,35.850104
178,인후럭키아파트,옥외,FRP 일반1형,2연식,전라북도 전주시 덕진구 우아동3가 285-8,1,127.163885,35.844083
179,인후우정신세계,옥외,FRP 방음,2연식,전라북도 전주시 덕진구 우아동3가 359,1,127.166692,35.840846
180,인후진흥하이츠아파트,옥외,FRP 방음,1연식,전라북도 전주시 덕진구 우아동3가 412,1,127.164914,35.840898
181,인후진흥하이츠아파트,옥외,FRP 방음,1연식,전라북도 전주시 덕진구 우아동3가 412,2,127.164914,35.840898
182,대한학교기숙사1층,옥내,부스무,1연식,전라북도 전주시 덕진구 우아동3가 51-1,1,127.160681,35.853447
183,농산물검사소앞,옥외,FRP 비방음,1연식,전라북도 전주시 덕진구 우아동3가 568,1,127.158568,35.854405
184,호성신협앞,옥외,FRP 일반1형,2연식,전라북도 전주시 덕진구 우아동3가 594-10,1,127.155379,35.854942
185,우아우성아파트,옥외,FRP 방음,1연식,전라북도 전주시 덕진구 우아동3가 594-6,1,127.154918,35.855414
186,승마장입구,옥외,FRP 방음,1연식,전라북도 전주시 덕진구 우아동3가 602-51,1,127.154379,35.853324
187,구축협도지회옆,옥외,FRP 비방음,1연식,전라북도 전주시 덕진구 우아동3가 734-23,1,127.153494,35.845138
188,전북도시가스입구,옥외,FRP 방음,1연식,전라북도 전주시 덕진구 우아동3가 743-146,1,127.158939,35.851716
189,우아동신초등학교,옥외,FRP 일반1형,1연식,전라북도 전주시 덕진구 우아동3가 743-149,1,127.156243,35.851812
190,기린중학교앞,옥외,FRP 비방음,2연식,전라북도 전주시 덕진구 우아동3가 743-42,1,127.157754,35.854081
191,역전파출소앞,옥외,FRP 일반1형,1연식,전라북도 전주시 덕진구 우아동3가 745-98,1,127.160425,35.850099
192,역전파출소앞,옥외,FRP 지체비방음,1연식,전라북도 전주시 덕진구 우아동3가 745-98,2,127.160425,35.850099
193,역전버스정류장,옥외,FRP 일반1형,2연식,전라북도 전주시 덕진구 우아동3가 746-41,1,127.159619,35.849501
194,우아한양주유소앞,옥외,FRP 일반1형,2연식,전라북도 전주시 덕진구 우아동3가 747-64,1,127.156345,35.848247
195,우아한양주유소앞,옥외,FRP 일반1형,1연식,전라북도 전주시 덕진구 우아동3가 747-64,2,127.156345,35.848247
196,우아1단지아파트,옥외,FRP 비방음,2연식,전라북도 전주시 덕진구 우아동3가 747-81,1,127.154546,35.85077
197,우아한양주유소건너,옥외,FRP 방음,1연식,전라북도 전주시 덕진구 우아동3가 748-25,1,127.157116,35.847773
198,전주역건너,옥외,FRP 비방음,2연식,전라북도 전주시 덕진구 우아동3가 752-57,1,127.160426,35.848785
199,코레스마트대한통운,옥외,FRP 방음,2연식,전라북도 전주시 덕진구 우아동3가 753-1,1,127.161859,35.848471
200,북일슈퍼문구앞,옥외,FRP 하단개방형,1연식,전라북도 전주시 덕진구 우아동3가 755-13,1,127.154343,35.843301
201,두산위브정문상가,옥외,FRP 일반1형,2연식,전라북도 전주시 덕진구 인후동1가 1033,1,127.153626,35.841572
202,온고을중학교,옥내,벽걸이,1연식,전라북도 전주시 덕진구 인후동1가 117,1,127.165918,35.829639
203,동진아파트,옥외,FRP 비방음,1연식,전라북도 전주시 덕진구 인후동1가 226-2,1,127.156764,35.833225
204,인후우성아파트,옥외,FRP 일반1형,1연식,전라북도 전주시 덕진구 인후동1가 458,1,127.159555,35.835813
205,인후삼호아파트,옥외,FRP 일반1형,2연식,전라북도 전주시 덕진구 인후동1가 500-1,1,127.16118,35.839564
206,유일여고앞,옥외,FRP 비방음,2연식,전라북도 전주시 덕진구 인후동1가 500-48,1,127.159694,35.837678
207,기린아파트,옥외,FRP 방음,1연식,전라북도 전주시 덕진구 인후동1가 530-8,1,127.162432,35.83753
208,인후시립도서관/입구,옥내,벽걸이,1연식,전라북도 전주시 덕진구 인후동1가 532-3,1,127.163393,35.83952
209,궁전아파트,옥외,FRP 일반1형,1연식,전라북도 전주시 덕진구 인후동1가 594-1,1,127.151066,35.835032
210,기린삼거리,옥외,FRP 일반1형,1연식,전라북도 전주시 덕진구 인후동1가 624-5,1,127.155457,35.833602
211,인후사거리,옥외,FRP 일반1형,2연식,전라북도 전주시 덕진구 인후동1가 635-39,1,127.15105,35.833322
212,농고앞,옥외,FRP 일반1형,2연식,전라북도 전주시 덕진구 인후동1가 661-2,1,127.14921,35.835291
213,인후현대2차아파트,옥외,FRP 일반1형,1연식,전라북도 전주시 덕진구 인후동1가 751,1,127.156688,35.842386
214,북일초등학교앞,옥외,FRP 방음,1연식,전라북도 전주시 덕진구 인후동1가 755-10,1,127.155252,35.841227
215,인후현대1차아파트,옥외,FRP 하단개방형,2연식,전라북도 전주시 덕진구 인후동1가 757,1,127.15642,35.841243
216,안골정류장,옥외,FRP 비방음,3연식,전라북도 전주시 덕진구 인후동1가 783-4,1,127.155305,35.836391
217,아중부영아파트1차,옥외,FRP 일반1형,2연식,전라북도 전주시 덕진구 인후동1가 802-1,1,127.162486,35.835909
218,노동부앞,옥외,FRP 일반1형,2연식,전라북도 전주시 덕진구 인후동1가 807-8,1,127.164266,35.835266
219,노동부건너,옥외,FRP 일반1형,1연식,전라북도 전주시 덕진구 인후동1가 846-1,1,127.164211,35.834525
220,아중대우아파트내,옥외,FRP 일반1형,1연식,전라북도 전주시 덕진구 인후동1가 858-1,1,127.166194,35.833619
221,아중대우아파트내,옥외,FRP 일반1형,1연식,전라북도 전주시 덕진구 인후동1가 858-1,2,127.166194,35.833619
222,아중현대아파트,옥외,FRP 일반1형,2연식,전라북도 전주시 덕진구 인후동1가 858-2,1,127.166014,35.831788
223,아중부영아파트2차/정문,옥외,FRP 일반1형,2연식,전라북도 전주시 덕진구 인후동1가 890-1,1,127.165099,35.829616
224,아중제일아파트,옥외,FRP 비방음,1연식,전라북도 전주시 덕진구 인후동1가 890-3,1,127.16778,35.829708
225,아중부영6차아파트,옥외,FRP 비방음,2연식,전라북도 전주시 덕진구 인후동1가 918-1,1,127.166819,35.827804
226,아중부영3차사거리,옥외,FRP 일반1형,2연식,전라북도 전주시 덕진구 인후동1가 924-14,1,127.169617,35.827568
227,아중아남아파트,옥외,FRP 일반1형,1연식,전라북도 전주시 덕진구 인후동1가 951-1,1,127.167157,35.825672
228,아중아남아파트,옥외,FRP 일반1형,1연식,전라북도 전주시 덕진구 인후동1가 951-1,2,127.167157,35.825672
229,아중부영아파트3차,옥외,FRP 일반1형,2연식,전라북도 전주시 덕진구 인후동1가 951-3,1,127.169045,35.826115
230,아중부영아파트3차후문,옥외,FRP 비방음,1연식,전라북도 전주시 덕진구 인후동1가 951-3,1,127.169045,35.826115
231,아중부영아파트2차/후문,옥외,FRP 일반1형,2연식,전라북도 전주시 덕진구 인후동1가 951-4,1,127.169905,35.826512
232,아중부영아파트5차,옥외,FRP 일반1형,2연식,전라북도 전주시 덕진구 인후동1가 951-7,1,127.169798,35.825088
233,안골사거리,옥외,FRP 방음,2연식,전라북도 전주시 덕진구 인후동1가 산4-31,1,127.157305,35.837143
234,에스스토아앞,옥외,FRP 일반1형,1연식,전라북도 전주시 덕진구 인후동2가 1522-26,1,127.144765,35.84038
235,동양공사앞,옥외,FRP 일반1형,2연식,전라북도 전주시 덕진구 인후동2가 1530-14,1,127.14536,35.844883
236,동전주우체국앞,옥외,FRP 일반1형,2연식,전라북도 전주시 덕진구 인후동2가 1534,1,127.146858,35.84444
237,완주군청입구,옥외,FRP 일반1형,1연식,전라북도 전주시 덕진구 인후동2가 1561-1,1,127.147467,35.846191
238,전주청년회의소앞,옥외,FRP 일반1형,2연식,전라북도 전주시 덕진구 인후동2가 1569-43,1,127.151832,35.848697
239,사호광장,옥외,FRP 하단개방형,2연식,전라북도 전주시 덕진구 인후동2가 1572-10,1,127.151848,35.846838
240,사학연금회관건너,옥외,FRP 비방음,2연식,전라북도 전주시 덕진구 인후동2가 1574-19,1,127.150504,35.845638
241,성락타운/우측,옥외,FRP 일반1형,2연식,전라북도 전주시 덕진구 인후동2가 1575-1,1,127.15123,35.845165
242,성락타운/좌측,옥외,FRP 일반1형,2연식,전라북도 전주시 덕진구 인후동2가 1575-1,1,127.15123,35.845165
243,청솔괴목,옥외,FRP 일반1형,2연식,전라북도 전주시 덕진구 인후동2가 1577-2,1,127.152845,35.845409
244,교육정보과학관앞,옥외,FRP 비방음,2연식,전라북도 전주시 덕진구 인후동2가 226-115,1,127.14772,35.835185
245,모래내승강장,옥외,FRP 비방음,2연식,전라북도 전주시 덕진구 인후동2가 236-23,1,127.145205,35.83339
246,모래내피부과앞,옥외,FRP 일반1형,2연식,전라북도 전주시 덕진구 인후동2가 241-13,1,127.146025,35.833459
247,성신정형외과앞,옥외,FRP 일반1형,2연식,전라북도 전주시 덕진구 인후동2가 259-6,1,127.145255,35.832642
248,전미동사거리,옥외,FRP 일반1형,1연식,전라북도 전주시 덕진구 전미동2가 411-2,1,127.109273,35.882998
249,진북동국아파트,옥외,광중계기부스,1연식,전라북도 전주시 덕진구 진북동 1034-1,1,127.133553,35.826569
250,진북현대아파트,옥외,FRP 하단개방형,2연식,전라북도 전주시 덕진구 진북동 1060-8,1,127.130322,35.828159
251,숲정이성당,옥외,FRP 일반1형,2연식,전라북도 전주시 덕진구 진북동 1144-1,1,127.131073,35.831986
252,기린로지리산여행사,옥외,FRP 방음,2연식,전라북도 전주시 덕진구 진북동 288-9,1,127.142866,35.828914
253,중앙여중,옥외,FRP 방음,1연식,전라북도 전주시 덕진구 진북동 301-19,1,127.138743,35.828004
254,진북동학생회관,옥외,FRP 일반1형,2연식,전라북도 전주시 덕진구 진북동 301-70,1,127.137623,35.829004
255,학생종합회관독서실/1층,옥내,사제형,1연식,전라북도 전주시 덕진구 진북동 301-70,1,127.137623,35.829004
256,학생종합회관독서실/지하,옥내,벽걸이,1연식,전라북도 전주시 덕진구 진북동 301-70,1,127.137623,35.829004
257,현대크리닉,옥외,FRP 비방음,2연식,전라북도 전주시 덕진구 진북동 329-8,1,127.142538,35.829837
258,모래내사거리,옥외,FRP 방음,1연식,전라북도 전주시 덕진구 진북동 330-9,1,127.142635,35.830535
259,남선정보앞,옥외,FRP 비방음,2연식,전라북도 전주시 덕진구 진북동 343-5,1,127.140433,35.831508
260,원광신협앞,옥외,FRP 일반1형,2연식,전라북도 전주시 덕진구 진북동 366-8,1,127.139026,35.831152
261,한국은행앞,옥외,FRP 방음,1연식,전라북도 전주시 덕진구 진북동 372-1,1,127.139008,35.830413
262,경동보일러앞,옥외,FRP 방음,2연식,전라북도 전주시 덕진구 진북동 391-69,1,127.138275,35.831315
263,진북우성아파트110동앞,옥외,FRP 비방음,2연식,전라북도 전주시 덕진구 진북동 416,1,127.134797,35.830598
264,진북우성아파트관리소,옥외,FRP 방음,3연식,전라북도 전주시 덕진구 진북동 416,1,127.134797,35.830598
265,진북우성아파트정문,옥외,FRP 일반1형,2연식,전라북도 전주시 덕진구 진북동 416,1,127.135726,35.830183
266,덕진구청/민원실,옥내,벽걸이,1연식,전라북도 전주시 덕진구 진북동 416-12,1,127.134782,35.829395
267,진북동양아파트앞,옥외,FRP 일반1형,2연식,전라북도 전주시 덕진구 진북동 417-47,1,127.136344,35.826352
268,진보마트,옥외,FRP 일반1형,1연식,전라북도 전주시 덕진구 팔복동1가 136-5,1,127.106883,35.85326
269,팔복주유소옆,옥외,FRP 비방음,2연식,전라북도 전주시 덕진구 팔복동1가 141-3,1,127.104635,35.854193
270,팔복남양아파트,옥외,FRP 비방음,2연식,전라북도 전주시 덕진구 팔복동2가 130-2,1,127.104547,35.848009
271,공단입구2,옥외,FRP 비방음,2연식,전라북도 전주시 덕진구 팔복동2가 247-13,1,127.105811,35.852919
272,공단입구1,옥외,FRP 비방음,2연식,전라북도 전주시 덕진구 팔복동2가 250-17,1,127.104675,35.85348
273,팔복소방소사거리,옥외,FRP 일반1형,2연식,전라북도 전주시 덕진구 팔복동2가 551-1,1,127.092657,35.859664
274,덕진방범순찰대,옥외,FRP 일반1형,2연식,전라북도 전주시 덕진구 팔복동2가 615-3,1,127.085984,35.861702
275,덕진방범순찰대,옥외,FRP 일반1형,2연식,전라북도 전주시 덕진구 팔복동2가 615-3,2,127.085984,35.861702
276,공무원교육원입구,옥외,FRP 일반1형,1연식,전라북도 전주시 덕진구 팔복동2가 616-26,1,127.085312,35.862935
277,공무원교육원1관,옥내,벽걸이,1연식,전라북도 전주시 덕진구 팔복동2가 739-1,1,127.08231,35.860897
278,공무원교육원2관,옥내,벽걸이,1연식,전라북도 전주시 덕진구 팔복동2가 739-1,1,127.08231,35.860897
279,공무원교육원3관,옥내,벽걸이,1연식,전라북도 전주시 덕진구 팔복동2가 739-1,1,127.08231,35.860897
280,공무원교육원4관,옥내,벽걸이,1연식,전라북도 전주시 덕진구 팔복동2가 739-1,1,127.08231,35.860897
281,공무원교육원5관,옥내,벽걸이,1연식,전라북도 전주시 덕진구 팔복동2가 739-1,1,127.08231,35.860897
282,한국폴리텍대학,옥외,Multi_공중전화부스G,3연식,전라북도 전주시 덕진구 팔복동2가 834-1,1,127.086126,35.860388
283,한국폴리텍대학,옥외,Multi_공중전화부스G,3연식,전라북도 전주시 덕진구 팔복동2가 834-1,3,127.086126,35.860388
284,덕진경찰서1층,옥내,벽걸이,1연식,전라북도 전주시 덕진구 팔복동3가 360-1,1,127.093184,35.842985
285,덕진경찰서4층,옥내,벽걸이,1연식,전라북도 전주시 덕진구 팔복동3가 360-1,1,127.093184,35.842985
286,덕진경찰서민원실,옥내,벽걸이,1연식,전라북도 전주시 덕진구 팔복동3가 360-1,1,127.093696,35.843421
287,호성LG동아아파트,옥외,FRP 비방음,2연식,전라북도 전주시 덕진구 호성동1가 718,1,127.152192,35.855235
288,호성LG동아아파트입구,옥외,FRP 일반1형,2연식,전라북도 전주시 덕진구 호성동1가 718,1,127.152451,35.856047
289,신동아아파트,옥외,FRP 하단개방형,2연식,전라북도 전주시 덕진구 호성동1가 731-4,1,127.153638,35.856029
290,호성동신아파트,옥외,FRP 일반1형,2연식,전라북도 전주시 덕진구 호성동1가 747,1,127.154393,35.857893
291,호성동신3차아파트,옥외,FRP 일반1형,1연식,전라북도 전주시 덕진구 호성동1가 749,1,127.155389,35.85728
292,호성동아아파트,옥외,FRP 비방음,2연식,전라북도 전주시 덕진구 호성동1가 826,1,127.152291,35.860299
293,만수초등학교후문,옥외,FRP 비방음,2연식,전라북도 전주시 덕진구 호성동1가 829-2,1,127.148237,35.862791
294,진흥더블파크101동/관리실옆,옥외,옥외사제형,2연식,전라북도 전주시 덕진구 호성동1가 829-4,1,127.149214,35.862018
295,호성주공2단지상가앞,옥외,FRP 방음,1연식,전라북도 전주시 덕진구 호성동1가 899,1,127.149799,35.858507
296,호성주공2단지상가앞,옥외,FRP 방음,1연식,전라북도 전주시 덕진구 호성동1가 899,2,127.149799,35.858507
297,호성주공2단지,옥외,FRP 방음,1연식,전라북도 전주시 덕진구 호성동1가 900,1,127.150845,35.858341
298,호성주공2단지,옥외,FRP 방음,1연식,전라북도 전주시 덕진구 호성동1가 900,2,127.150845,35.858341
299,호성주공아파트,옥외,FRP 방음,1연식,전라북도 전주시 덕진구 호성동1가 901,1,127.15195,35.857918
300,호성주공아파트,옥외,FRP 방음,1연식,전라북도 전주시 덕진구 호성동1가 901,2,127.15195,35.857918
301,자동차등록사업소,옥외,FRP 하단개방형,2연식,전라북도 전주시 덕진구 호성동2가 631-12,1,127.147694,35.867391
302,예술회관앞,옥외,FRP 일반1형,2연식,전라북도 전주시 완산구 경원동1가 104-5,1,127.147042,35.81682
303,전북은행제일점앞,옥외,FRP 비방음,2연식,전라북도 전주시 완산구 경원동1가 128-5,1,127.147729,35.817175
304,풍년제과앞,옥외,FRP 일반1형,2연식,전라북도 전주시 완산구 경원동1가 40-7,1,127.147325,35.818493
305,풍년제과앞,옥외,FRP 일반1형,1연식,전라북도 전주시 완산구 경원동1가 40-7,2,127.147325,35.818493
306,남문화방앞,옥외,세이프존_공중전화부스G,3연식,전라북도 전주시 완산구 경원동1가 52-1,1,127.147165,35.818986
307,남문화방앞,옥외,세이프존_공중전화부스G,3연식,전라북도 전주시 완산구 경원동1가 52-1,3,127.147165,35.818986
308,관통약국옆,옥외,FRP 방음,1연식,전라북도 전주시 완산구 경원동1가 56-1,1,127.147165,35.818986
309,관통로하나은행앞,옥외,FRP 방음,2연식,전라북도 전주시 완산구 경원동1가 58-4,1,127.145983,35.818604
310,관통로하나은행앞,옥외,FRP 지체비방음,1연식,전라북도 전주시 완산구 경원동1가 58-4,2,127.145983,35.818604
311,전주우체국,옥외,FRP 비방음,2연식,전라북도 전주시 완산구 경원동1가 89,1,127.146426,35.817664
312,문병원건너,옥외,FRP 일반1형,2연식,전라북도 전주시 완산구 경원동2가 5-8,1,127.149074,35.819079
313,조흥은행앞,옥외,FRP 비방음,3연식,전라북도 전주시 완산구 경원동3가 33-10,1,127.146163,35.821494
314,경원국민은행앞,옥외,FRP 비방음,3연식,전라북도 전주시 완산구 경원동3가 41-1,1,127.146658,35.82005
315,원불교본당입구,옥외,FRP 방음,3연식,전라북도 전주시 완산구 경원동3가 58-1,1,127.14673,35.819614
316,kt전주지사3층,옥내,부스무,1연식,전라북도 전주시 완산구 경원동3가 70-1,1,127.147787,35.819474
317,kt전주지사앞,옥외,Multi_공중전화부스B,3연식,전라북도 전주시 완산구 경원동3가 70-1,1,127.147787,35.819474
318,kt전주지사앞,옥외,Multi_공중전화부스B,3연식,전라북도 전주시 완산구 경원동3가 70-1,3,127.147787,35.819474
319,경원동사무소,옥외,FRP 일반1형,1연식,전라북도 전주시 완산구 경원동3가 80-13,1,127.149843,35.819655
320,동부시장앞,옥외,FRP 비방음,3연식,전라북도 전주시 완산구 경원동3가 90-13,1,127.15121,35.82012
321,국민은행오거리점옆,옥외,FRP 비방음,3연식,전라북도 전주시 완산구 고사동 11-6,1,127.145811,35.820702
322,호텔한성,옥외,FRP 일반1형,2연식,전라북도 전주시 완산구 고사동 199,1,127.144815,35.819688
323,우신호텔사거리,옥외,FRP 방음,2연식,전라북도 전주시 완산구 고사동 227-5,1,127.144063,35.822543
324,전주초등학교건너,옥외,FRP 일반1형,1연식,전라북도 전주시 완산구 고사동 314-5,1,127.139696,35.821308
325,전매지청앞,옥외,FRP 하단개방형,1연식,전라북도 전주시 완산구 고사동 340-1,1,127.140773,35.819613
326,베이직하우스앞,옥외,FRP 비방음,3연식,전라북도 전주시 완산구 고사동 34-2,1,127.146302,35.819658
327,팔달로오거리,옥외,FRP 하단개방형,2연식,전라북도 전주시 완산구 고사동 4-1,1,127.145022,35.821955
328,성심여고/다목적실앞,옥외,FRP 지체비방음,1연식,전라북도 전주시 완산구 교동 280,1,127.150688,35.81311
329,오목대,옥외,FRP 일반1형,1연식,전라북도 전주시 완산구 교동 55-2,1,127.155374,35.814098
330,남노동사무소앞,옥외,FRP 일반1형,2연식,전라북도 전주시 완산구 남노송동 156-13,1,127.15728,35.819164
331,병무청앞,옥외,FRP 일반1형,1연식,전라북도 전주시 완산구 남노송동 517-65,1,127.154707,35.821115
332,병무청입구,옥외,FRP 일반1형,2연식,전라북도 전주시 완산구 남노송동 519-64,1,127.153552,35.820409
333,리베라호텔건너,옥외,FRP 하단개방형,2연식,전라북도 전주시 완산구 남노송동 527-21,1,127.154681,35.819227
334,노송버스정류장,옥외,FRP 비방음,3연식,전라북도 전주시 완산구 남노송동 540-6,1,127.153275,35.819963
335,다가우체국,옥외,FRP 일반1형,1연식,전라북도 전주시 완산구 다가동1가 3-1,1,127.142627,35.815101
336,서문교회앞,옥외,FRP 하단개방형,2연식,전라북도 전주시 완산구 다가동3가 123-1,1,127.140215,35.815973
337,다가교,옥외,FRP 비방음,2연식,전라북도 전주시 완산구 다가동3가 64-26,1,127.139817,35.816635
338,영동고덕맨션,옥외,FRP 하단개방형,1연식,전라북도 전주시 완산구 대성동 19,1,127.178973,35.798095
339,참사랑낙원,옥내,벽걸이,1연식,전라북도 전주시 완산구 대성동 326번지,1,127.171006,35.802748
340,교대/정문,옥외,FRP 일반1형,2연식,전라북도 전주시 완산구 동서학동 213,1,127.154822,35.809404
341,교대/학생관,옥외,FRP 일반1형,2연식,전라북도 전주시 완산구 동서학동 213,1,127.156572,35.80913
342,신천지아파트,옥외,FRP 방음,1연식,전라북도 전주시 완산구 동서학동 271-5,1,127.154771,35.805081
343,거산황궁아파트,옥외,FRP 일반1형,2연식,전라북도 전주시 완산구 동서학동 290-3,1,127.153099,35.805145
344,동서학동사거리,옥외,FRP 하단개방형,2연식,전라북도 전주시 완산구 동서학동 83-2,1,127.153052,35.8098
345,임업시험장,옥외,FRP 방음,1연식,전라북도 전주시 완산구 동서학동 849-47,1,127.159726,35.808228
346,교대/좌측문,옥외,FRP 하단개방형,1연식,전라북도 전주시 완산구 동서학동 866-5,1,127.156701,35.808269
347,좁은목약수터,옥외,FRP 비방음,1연식,전라북도 전주시 완산구 동서학동 산152-7,1,127.162445,35.807851
348,동완산동시립도서관앞,옥외,FRP 일반1형,1연식,전라북도 전주시 완산구 동완산동 11-1,1,127.147219,35.810738
349,영세당약방앞,옥외,FRP 비방음,1연식,전라북도 전주시 완산구 동완산동 58-1,1,127.145221,35.810945
350,광진공작아파트,옥외,FRP 일반1형,1연식,전라북도 전주시 완산구 삼천동1가 138-6,1,127.127566,35.801567
351,삼천시립도서관,옥외,일반B형 SV-2,1연식,전라북도 전주시 완산구 삼천동1가 182-1,1,127.121737,35.799054
352,롯데슈퍼삼천점,옥외,Multi_공중전화부스G,3연식,전라북도 전주시 완산구 삼천동1가 285-5,1,127.114968,35.798298
353,롯데슈퍼삼천점,옥외,Multi_공중전화부스G,3연식,전라북도 전주시 완산구 삼천동1가 285-5,3,127.114968,35.798298
354,삼천호반리젠시빌아파트,옥외,FRP 일반1형,1연식,전라북도 전주시 완산구 삼천동1가 286-10,1,127.111579,35.797263
355,삼천호반리젠시빌아파트,옥외,광중계기부스,1연식,전라북도 전주시 완산구 삼천동1가 286-10,2,127.111579,35.797263
356,삼천우성임대상가앞,옥외,FRP 일반1형,1연식,전라북도 전주시 완산구 삼천동1가 287-4,1,127.115463,35.797245
357,삼천우성임대아파트,옥외,FRP 일반1형,1연식,전라북도 전주시 완산구 삼천동1가 287-4,1,127.115463,35.797245
358,남양임대아파트,옥외,FRP 비방음,2연식,전라북도 전주시 완산구 삼천동1가 290-8,1,127.113506,35.794388
359,흥건아파트1차관리사무소,옥외,FRP 방음,1연식,전라북도 전주시 완산구 삼천동1가 300-3,1,127.115772,35.794412
360,흥건아파트1차상가앞,옥외,FRP 비방음,2연식,전라북도 전주시 완산구 삼천동1가 300-3,1,127.115772,35.794412
361,대왕장미아파트,옥외,FRP 일반1형,1연식,전라북도 전주시 완산구 삼천동1가 305-10,1,127.11595,35.79197
362,두일하나아파트,옥외,FRP 방음,1연식,전라북도 전주시 완산구 삼천동1가 306-8,1,127.118557,35.79179
363,광진목화아파트,옥외,FRP 하단개방형,2연식,전라북도 전주시 완산구 삼천동1가 585,1,127.124567,35.801554
364,세경아파트,옥외,FRP 방음,1연식,전라북도 전주시 완산구 삼천동1가 585-3,1,127.122641,35.7993
365,세경아파트,옥외,FRP 비방음,1연식,전라북도 전주시 완산구 삼천동1가 585-3,2,127.122641,35.7993
366,삼천주공3단지,옥외,광중계기부스,1연식,전라북도 전주시 완산구 삼천동1가 585-4,1,127.124694,35.798352
367,삼천주공3단지,옥외,광중계기부스,1연식,전라북도 전주시 완산구 삼천동1가 585-4,2,127.124694,35.798352
368,삼천쌍용1차아파트,옥외,FRP 일반1형,2연식,전라북도 전주시 완산구 삼천동1가 585-5,1,127.125432,35.80075
369,삼천새마을금고앞,옥외,FRP 지체비방음,1연식,전라북도 전주시 완산구 삼천동1가 599-1,1,127.119633,35.79935
370,삼천새마을금고앞,옥외,FRP 방음,1연식,전라북도 전주시 완산구 삼천동1가 599-1,2,127.119633,35.79935
371,삼익수영장건너,옥외,FRP 일반1형,2연식,전라북도 전주시 완산구 삼천동1가 622-4,1,127.125231,35.796785
372,삼천초등학교앞,옥외,FRP 일반1형,1연식,전라북도 전주시 완산구 삼천동1가 635,1,127.123511,35.795941
373,호돌이문구앞,옥외,FRP 비방음,1연식,전라북도 전주시 완산구 삼천동1가 637-15,1,127.124847,35.795721
374,평화동신아파트삼거리,옥외,FRP 일반1형,1연식,전라북도 전주시 완산구 삼천동1가 701-3,1,127.12295,35.793643
375,개나리아파트,옥외,FRP 하단개방형,2연식,전라북도 전주시 완산구 삼천동1가 705-1,1,127.12779,35.796469
376,삼천쌍용3차아파트앞,옥외,FRP 일반1형,1연식,전라북도 전주시 완산구 삼천동1가 705-3,1,127.128632,35.798168
377,삼천신일아파트,옥외,FRP 하단개방형,2연식,전라북도 전주시 완산구 삼천동1가 705-4,1,127.129156,35.797089
378,삼천우성2차아파트,옥외,FRP 일반1형,2연식,전라북도 전주시 완산구 삼천동1가 705-5,1,127.130707,35.796085
379,광진궁전아파트,옥외,FRP 방음,2연식,전라북도 전주시 완산구 삼천동1가 705-6,1,127.128772,35.795558
380,우성그린아파트,옥외,FRP 비방음,2연식,전라북도 전주시 완산구 삼천동1가 705-7,1,127.127089,35.79517
381,삼천하이츠,옥외,FRP 방음,2연식,전라북도 전주시 완산구 삼천동1가 722-2,1,127.112733,35.800848
382,신일강변아파트,옥외,FRP 비방음,2연식,전라북도 전주시 완산구 삼천동1가 723-2,1,127.112422,35.799675
383,청솔금호아파트,옥외,FRP 비방음,2연식,전라북도 전주시 완산구 삼천동1가 740-1,1,127.131472,35.801987
384,삼천주공6단지,옥외,FRP 일반1형,2연식,전라북도 전주시 완산구 삼천동1가 764-1,1,127.111432,35.795834
385,삼천주공5단지앞,옥외,FRP 일반1형,2연식,전라북도 전주시 완산구 삼천동1가 766-1,1,127.113576,35.793167
386,삼천주공4단지,옥외,FRP 방음,2연식,전라북도 전주시 완산구 삼천동1가 767-1,1,127.115777,35.793182
387,삼천농협공판장,옥외,FRP 비방음,1연식,전라북도 전주시 완산구 삼천동2가 20-2,1,127.108701,35.793483
388,삼천농협공판장,옥외,FRP 방음,1연식,전라북도 전주시 완산구 삼천동2가 20-2,2,127.108701,35.793483
389,해성중학교,옥외,FRP 일반1형,2연식,전라북도 전주시 완산구 삼천동2가 555,1,127.102356,35.787845
390,새전북신문앞,옥외,FRP 비방음,2연식,전라북도 전주시 완산구 서노송동 568-121,1,127.147682,35.825481
391,시청앞,옥외,FRP 방음,2연식,전라북도 전주시 완산구 서노송동 568-148,1,127.148375,35.823365
392,서노파출소,옥외,FRP 일반1형,1연식,전라북도 전주시 완산구 서노송동 568-94,1,127.145989,35.826153
393,신한은행건너,옥외,FRP 방음,2연식,전라북도 전주시 완산구 서노송동 614-11,1,127.145686,35.822504
394,대한관광앞,옥외,FRP 비방음,2연식,전라북도 전주시 완산구 서노송동 616-8,1,127.147014,35.823139
395,코아백화점앞,옥외,세이프존_공중전화부스G,3연식,전라북도 전주시 완산구 서노송동 632-4,1,127.144835,35.824533
396,코아백화점앞,옥외,세이프존_공중전화부스G,3연식,전라북도 전주시 완산구 서노송동 632-4,3,127.144835,35.824533
397,중앙성당앞,옥외,FRP 하단개방형,1연식,전라북도 전주시 완산구 서노송동 639-36,1,127.144085,35.824843
398,중앙신협앞,옥외,FRP 방음,2연식,전라북도 전주시 완산구 서노송동 648-22,1,127.143633,35.82618
399,양영학원앞,옥외,FRP 비방음,2연식,전라북도 전주시 완산구 서노송동 648-33,1,127.144024,35.826226
400,전주농협앞,옥외,일반B형 SV-2,1연식,전라북도 전주시 완산구 서노송동 683-1,1,127.145503,35.827358
401,전주농협앞,옥외,일반B형 SV-2,1연식,전라북도 전주시 완산구 서노송동 683-1,2,127.145503,35.827358
402,보문촌입구,옥외,FRP 일반1형,1연식,전라북도 전주시 완산구 서노송동 741-6,1,127.146696,35.829277
403,예그린아파트,옥외,FRP 일반1형,1연식,전라북도 전주시 완산구 서서학동 112-3,1,127.147711,35.804577
404,공수내다리정류장건너,옥외,FRP 일반1형,1연식,전라북도 전주시 완산구 서서학동 132-1,1,127.149396,35.805921
405,공수내다리정류장,옥외,FRP 일반1형,2연식,전라북도 전주시 완산구 서서학동 150-2,1,127.149613,35.805125
406,서서학동사무소,옥외,FRP 비방음,1연식,전라북도 전주시 완산구 서서학동 23-8,1,127.148692,35.805734
407,광진산업아파트,옥외,FRP 방음,1연식,전라북도 전주시 완산구 서서학동 318-10,1,127.145895,35.798413
408,서학동버스정류장,옥외,FRP 방음,1연식,전라북도 전주시 완산구 서서학동 367-66,1,127.146063,35.801306
409,교대부속초등학교앞,옥외,FRP 비방음,2연식,전라북도 전주시 완산구 서서학동 955-106,1,127.149466,35.808253
410,대아청산아파트,옥외,FRP 비방음,1연식,전라북도 전주시 완산구 서서학동 978-6,1,127.148781,35.799169
411,송원2차아파트,옥외,FRP 일반1형,2연식,전라북도 전주시 완산구 서서학동 981-1,1,127.149468,35.799328
412,서신전북은행사거리,옥외,FRP 일반1형,2연식,전라북도 전주시 완산구 서신동 23-35,1,127.123148,35.828304
413,서신우성아파트,옥외,FRP 일반1형,1연식,전라북도 전주시 완산구 서신동 290-4,1,127.119929,35.827617
414,서신은마아파트,옥외,FRP 일반1형,1연식,전라북도 전주시 완산구 서신동 295-3,1,127.120405,35.82654
415,서신전자랜드21앞,옥외,FRP 방음,2연식,전라북도 전주시 완산구 서신동 40-14,1,127.123265,35.830319
416,서신롯데아파트,옥외,FRP 일반1형,2연식,전라북도 전주시 완산구 서신동 5-10,1,127.12686,35.828033
417,서신e편한세상아파트,옥외,FRP 일반1형,2연식,전라북도 전주시 완산구 서신동 572,1,127.107059,35.839372
418,한일고/행정실앞,옥외,FRP 비방음,1연식,전라북도 전주시 완산구 서신동 71-2,1,127.124237,35.831974
419,한일고/행정실앞,옥외,FRP 비방음,1연식,전라북도 전주시 완산구 서신동 71-2,2,127.124237,35.831974
420,서신광진아파트,옥외,FRP 일반1형,1연식,전라북도 전주시 완산구 서신동 761-1,1,127.10816,35.833682
421,서신광진아파트,옥외,FRP 비방음,1연식,전라북도 전주시 완산구 서신동 761-1,2,127.10816,35.833682
422,서신쌍용아파트,옥외,FRP 지체비방음,1연식,전라북도 전주시 완산구 서신동 761-2,1,127.108162,35.832653
423,서신쌍용아파트정문,옥외,FRP 일반1형,1연식,전라북도 전주시 완산구 서신동 761-2,1,127.108162,35.832653
424,서신비사벌2차아파트,옥외,FRP 방음,1연식,전라북도 전주시 완산구 서신동 762-1,1,127.111217,35.831732
425,서신제일마트앞,옥외,FRP 일반1형,2연식,전라북도 전주시 완산구 서신동 762-1,1,127.111217,35.831732
426,서신성원아파트상가입구,옥외,FRP 비방음,1연식,전라북도 전주시 완산구 서신동 762-2,1,127.111036,35.830719
427,서신신일아파트정문,옥외,FRP 비방음,2연식,전라북도 전주시 완산구 서신동 763-1,1,127.109663,35.83309
428,서신신일아파트후문,옥외,FRP 방음,1연식,전라북도 전주시 완산구 서신동 763-1,1,127.109663,35.83309
429,서신남양아파트,옥외,FRP 비방음,2연식,전라북도 전주시 완산구 서신동 764-1,1,127.114848,35.832961
430,서신비사벌1차아파트,옥외,FRP 방음,1연식,전라북도 전주시 완산구 서신동 764-2,1,127.113142,35.832967
431,서신동아아파트정문,옥외,FRP 하단개방형,2연식,전라북도 전주시 완산구 서신동 765-2,1,127.113127,35.832341
432,서신현대아파트,옥외,FRP 하단개방형,1연식,전라북도 전주시 완산구 서신동 765-2,1,127.117686,35.83295
433,서신현대아파트,옥외,광중계기부스,1연식,전라북도 전주시 완산구 서신동 765-2,2,127.117686,35.83295
434,E마트/정문앞,옥외,FRP 비방음,2연식,전라북도 전주시 완산구 서신동 767,1,127.12081,35.832886
435,E마트/주차장,옥외,FRP 하단개방형,2연식,전라북도 전주시 완산구 서신동 767,1,127.121105,35.832414
436,대원빌딩앞,옥외,FRP 비방음,2연식,전라북도 전주시 완산구 서신동 771,1,127.123482,35.833476
437,서신동근린공원사거리,옥외,FRP 일반1형,1연식,전라북도 전주시 완산구 서신동 795,1,127.114985,35.831659
438,서신중앙빌딩앞,옥외,FRP 방음,2연식,전라북도 전주시 완산구 서신동 796-4,1,127.113865,35.831979
439,서신국민은행앞,옥외,FRP 방음,2연식,전라북도 전주시 완산구 서신동 797-2,1,127.112669,35.831984
440,서신동우체국,옥외,FRP 비방음,2연식,전라북도 전주시 완산구 서신동 804-3,1,127.11506,35.8308
441,서신기아자동차옆,옥외,FRP 일반1형,2연식,전라북도 전주시 완산구 서신동 814-1,1,127.115488,35.830417
442,서신LG아파트,옥외,FRP 비방음,2연식,전라북도 전주시 완산구 서신동 960-1,1,127.113294,35.836949
443,서신대우아파트,옥외,FRP 비방음,2연식,전라북도 전주시 완산구 서신동 960-2,1,127.11496,35.836987
444,서신2차동아아파트,옥외,FRP 일반1형,2연식,전라북도 전주시 완산구 서신동 960-5,1,127.113289,35.836096
445,서신3차동아아파트,옥외,FRP 비방음,2연식,전라북도 전주시 완산구 서신동 961,1,127.11351,35.836084
446,서신3차동아아파트후문,옥외,FRP 비방음,2연식,전라북도 전주시 완산구 서신동 961,1,127.116825,35.836249
447,서신장미아파트,옥외,FRP 일반1형,1연식,전라북도 전주시 완산구 서신동 962-1,1,127.113056,35.834979
448,서신중흥아파트,옥외,FRP 비방음,2연식,전라북도 전주시 완산구 서신동 962-2,1,127.114609,35.834794
449,서신광진선수촌아파트앞,옥외,FRP 비방음,2연식,전라북도 전주시 완산구 서신동 964-6,1,127.116107,35.834625
450,서신광진선수촌아파트,옥외,FRP 일반1형,1연식,전라북도 전주시 완산구 서신동 965-2,1,127.116968,35.834785
451,서신대우대창아파트,옥외,FRP 일반1형,1연식,전라북도 전주시 완산구 서신동 965-3,1,127.118246,35.83478
452,롯데백화점후문,옥외,세이프존_공중전화부스G,3연식,전라북도 전주시 완산구 서신동 970-5,1,127.121054,35.834191
453,롯데백화점후문,옥외,세이프존_공중전화부스G,3연식,전라북도 전주시 완산구 서신동 970-5,3,127.121054,35.834191
454,효정여중입구,옥외,FRP 하단개방형,1연식,전라북도 전주시 완산구 서완산동1가 104,1,127.134324,35.808104
455,완산직행건너,옥외,FRP 비방음,2연식,전라북도 전주시 완산구 서완산동1가 474-3,1,127.139357,35.812285
456,완산시내,옥외,FRP 일반1형,1연식,전라북도 전주시 완산구 서완산동1가 549-2,1,127.139116,35.812608
457,완산터미널,옥외,FRP 비방음,2연식,전라북도 전주시 완산구 서완산동1가 589-1,1,127.138705,35.811529
458,낙원맨션아파트,옥외,FRP 비방음,1연식,전라북도 전주시 완산구 서완산동2가 80-135,1,127.135053,35.809655
459,신성파크맨션,옥외,FRP 하단개방형,1연식,전라북도 전주시 완산구 서완산동2가 80-145,1,127.134988,35.810728
460,숯불갈비뷔폐앞,옥외,FRP 방음,2연식,전라북도 전주시 완산구 전동 125-8,1,127.147738,35.815432
461,팔달로생활정보지앞,옥외,FRP 일반1형,2연식,전라북도 전주시 완산구 전동 140-9,1,127.147092,35.816039
462,전주경찰서5층,옥내,벽걸이,1연식,전라북도 전주시 완산구 전동 142-1,1,127.146519,35.815366
463,남문로타리,옥외,FRP 일반1형,2연식,전라북도 전주시 완산구 전동 170,1,127.147084,35.813477
464,남문로타리제일전기,옥외,FRP 비방음,2연식,전라북도 전주시 완산구 전동 182-1,1,127.147955,35.813239
465,흥농종묘앞,옥외,FRP 일반1형,2연식,전라북도 전주시 완산구 전동 187-12,1,127.148623,35.813296
466,전동직행,옥외,FRP 일반1형,1연식,전라북도 전주시 완산구 전동 223-5,1,127.149181,35.8119
467,남문사거리,옥외,세이프존_공중전화부스G,3연식,전라북도 전주시 완산구 전동 65-1,1,127.148657,35.814366
468,남문사거리,옥외,세이프존_공중전화부스G,3연식,전라북도 전주시 완산구 전동 65-1,3,127.148657,35.814366
469,남부시장/코오롱상가앞,옥외,FRP 일반1형,2연식,전라북도 전주시 완산구 전동3가 136,1,127.14418,35.813066
470,남부시장1,옥외,FRP 비방음,2연식,전라북도 전주시 완산구 전동3가 2-244,1,127.145901,35.81267
471,임봉리사거리,옥외,FRP 일반1형,1연식,전라북도 전주시 완산구 중노송동 250-5,1,127.157868,35.824376
472,기린봉버스종점,옥외,FRP 일반1형,1연식,전라북도 전주시 완산구 중노송동 27-1,1,127.162438,35.821037
473,기자촌,옥외,FRP 일반1형,1연식,전라북도 전주시 완산구 중노송동 354-70,1,127.156839,35.827428
474,전주고/후관1층,옥외,FRP 비방음,1연식,전라북도 전주시 완산구 중노송동 449-1,1,127.15164,35.825926
475,영상진흥연구원앞,옥외,FRP 비방음,2연식,전라북도 전주시 완산구 중노송동 470-4,1,127.153732,35.823819
476,기린로버스정류장,옥외,FRP 비방음,2연식,전라북도 전주시 완산구 중노송동 547-10,1,127.152309,35.821463
477,인후중학교후문,옥외,FRP 일반1형,2연식,전라북도 전주시 완산구 중노송동 산61-9,1,127.153949,35.829326
478,농촌진흥청 국제농업기술협력센터,옥내,부스무,1연식,전라북도 전주시 완산구 중동 693,1,127.056718,35.832197
479,관광호텔입구,옥외,FRP 비방음,3연식,전라북도 전주시 완산구 중앙동1가 33-1,1,127.141399,35.817134
480,전주백화점건너,옥외,FRP 비방음,2연식,전라북도 전주시 완산구 중앙동2가 10,1,127.144072,35.817541
481,육일양복점앞,옥외,FRP 일반1형,2연식,전라북도 전주시 완산구 중앙동2가 34-6,1,127.142895,35.817536
482,한아름백화점입구,옥외,FRP 방음,2연식,전라북도 전주시 완산구 중앙동3가 14-1,1,127.144608,35.818038
483,객사건너,옥외,FRP 일반1형,2연식,전라북도 전주시 완산구 중앙동3가 1-5,1,127.145565,35.81797
484,백화주차장,옥외,FRP 하단개방형,1연식,전라북도 전주시 완산구 중앙동4가 31-21,1,127.143692,35.814794
485,완산생활체육공원,옥외,FRP 일반1형,2연식,전라북도 전주시 완산구 중인동 361-1,1,127.101512,35.766839
486,엠마오사랑병원,옥외,FRP 일반1형,1연식,전라북도 전주시 완산구 중화산동1가 149-1,1,127.137254,35.812048
487,다가공원,옥외,FRP 일반1형,2연식,전라북도 전주시 완산구 중화산동1가 150-7,1,127.137958,35.815246
488,중화산신일아파트내,옥외,FRP 비방음,1연식,전라북도 전주시 완산구 중화산동1가 154,1,127.136191,35.813378
489,기전여전,옥외,FRP 하단개방형,2연식,전라북도 전주시 완산구 중화산동1가 177,1,127.135562,35.817588
490,신흥고등학교,옥내,벽걸이,1연식,전라북도 전주시 완산구 중화산동1가 188,1,127.136901,35.816438
491,남양서원아파트,옥외,FRP 방음,1연식,전라북도 전주시 완산구 중화산동1가 221-1,1,127.131619,35.815153
492,동신2차아파트,옥외,FRP 일반1형,1연식,전라북도 전주시 완산구 중화산동1가 250,1,127.12948,35.813319
493,동신2차아파트입구,옥외,FRP 비방음,1연식,전라북도 전주시 완산구 중화산동1가 250,1,127.12948,35.813319
494,예수병원/1층입구,옥내,벽걸이,1연식,전라북도 전주시 완산구 중화산동1가 300,1,127.133141,35.814339
495,예수병원/2층,옥내,벽걸이,1연식,전라북도 전주시 완산구 중화산동1가 300,1,127.133141,35.814339
496,예수병원/3층,옥내,벽걸이,1연식,전라북도 전주시 완산구 중화산동1가 300,1,127.133141,35.814339
497,예수병원/4층,옥내,벽걸이,1연식,전라북도 전주시 완산구 중화산동1가 300,1,127.133141,35.814339
498,예수병원/5층,옥내,벽걸이,1연식,전라북도 전주시 완산구 중화산동1가 300,1,127.133141,35.814339
499,예수병원/응급실,옥내,벽걸이,1연식,전라북도 전주시 완산구 중화산동1가 300,1,127.133141,35.814339
500,예수병원/입구,옥외,FRP 비방음,2연식,전라북도 전주시 완산구 중화산동1가 300,1,127.133156,35.813779
501,예수병원/지하,옥내,벽걸이,1연식,전라북도 전주시 완산구 중화산동1가 300,1,127.13322,35.814408
502,예수병원응급실건너,옥외,FRP 비방음,2연식,전라북도 전주시 완산구 중화산동1가 305-4,1,127.13322,35.814408
503,중화산현대아파트앞,옥외,FRP 비방음,2연식,전라북도 전주시 완산구 중화산동1가 331,1,127.132257,35.811577
504,중산신협건너,옥외,FRP 일반1형,1연식,전라북도 전주시 완산구 중화산동2가 104-1,1,127.127264,35.811883
505,중산축협,옥외,FRP 일반1형,2연식,전라북도 전주시 완산구 중화산동2가 140-3,1,127.12445,35.812131
506,중화산거성1차아파트,옥외,FRP 비방음,1연식,전라북도 전주시 완산구 중화산동2가 17,1,127.129191,35.815328
507,MBC뒤광진APT경비실옆,옥외,FRP 지체비방음,1연식,전라북도 전주시 완산구 중화산동2가 194-9,1,127.127722,35.815142
508,중화산거성근영2차,옥외,FRP 지체비방음,1연식,전라북도 전주시 완산구 중화산동2가 223-6,1,127.126205,35.817147
509,새한파크맨션,옥외,FRP 일반1형,2연식,전라북도 전주시 완산구 중화산동2가 232,1,127.125574,35.817593
510,우성근영아파트,옥외,FRP 방음,2연식,전라북도 전주시 완산구 중화산동2가 256,1,127.126141,35.818553
511,거성화산아파트,옥외,FRP 하단개방형,1연식,전라북도 전주시 완산구 중화산동2가 37,1,127.130454,35.809675
512,참사랑마트,옥외,FRP 일반1형,2연식,전라북도 전주시 완산구 중화산동2가 401-31,1,127.117939,35.815229
513,우성중산아파트,옥외,FRP 비방음,1연식,전라북도 전주시 완산구 중화산동2가 406-3,1,127.11738,35.816413
514,빙상경기장/앞,옥외,FRP 비방음,2연식,전라북도 전주시 완산구 중화산동2가 46,1,127.12906,35.8099
515,한신코아2차아파트,옥외,FRP 하단개방형,1연식,전라북도 전주시 완산구 중화산동2가 482-1,1,127.116394,35.81493
516,한신코아아파트,옥외,FRP 일반1형,2연식,전라북도 전주시 완산구 중화산동2가 482-1,1,127.116394,35.81493
517,동원아파트,옥외,FRP 비방음,1연식,전라북도 전주시 완산구 중화산동2가 485-30,1,127.113968,35.816385
518,우석한방병원앞,옥외,FRP 방음,1연식,전라북도 전주시 완산구 중화산동2가 5,1,127.128592,35.817411
519,우석한방병원앞,옥외,FRP 방음,1연식,전라북도 전주시 완산구 중화산동2가 5,2,127.128592,35.817411
520,원예농협정류장,옥외,FRP 방음,1연식,전라북도 전주시 완산구 중화산동2가 528-4,1,127.119062,35.812861
521,우석전기조명,옥외,FRP 하단개방형,2연식,전라북도 전주시 완산구 중화산동2가 534-2,1,127.125008,35.811735
522,중산신협,옥외,FRP 일반1형,2연식,전라북도 전주시 완산구 중화산동2가 536-1,1,127.127047,35.811525
523,중화산은하아파트,옥외,FRP 방음,2연식,전라북도 전주시 완산구 중화산동2가 545,1,127.124021,35.811235
524,거성그린아파트,옥외,FRP 일반1형,1연식,전라북도 전주시 완산구 중화산동2가 545-1,1,127.124047,35.810045
525,화산공원,옥외,FRP 비방음,1연식,전라북도 전주시 완산구 중화산동2가 547,1,127.126391,35.809882
526,동광빌딩앞,옥외,FRP 비방음,1연식,전라북도 전주시 완산구 중화산동2가 571,1,127.122382,35.821912
527,중산초등학교승강장,옥외,FRP 방음,1연식,전라북도 전주시 완산구 중화산동2가 596-1,1,127.12252,35.817554
528,근영사거리,옥외,FRP 일반1형,1연식,전라북도 전주시 완산구 중화산동2가 652-1,1,127.123348,35.817652
529,전주병원/7층,옥내,벽걸이,1연식,전라북도 전주시 완산구 중화산동2가 659,1,127.124711,35.815041
530,전주병원/응급실,옥외,FRP 일반1형,1연식,전라북도 전주시 완산구 중화산동2가 659,1,127.124711,35.815041
531,전주병원입구,옥내,벽걸이,1연식,전라북도 전주시 완산구 중화산동2가 659,1,127.124602,35.814884
532,본병원옆,옥외,일반A형 SV-1,1연식,전라북도 전주시 완산구 중화산동2가 744-1,1,127.116022,35.825146
533,중화산현대에코르아파트,옥외,옥외사제형,2연식,전라북도 전주시 완산구 중화산동2가 745-1,1,127.117015,35.823202
534,중화산현대에코르아파트상가,옥외,옥외사제형,2연식,전라북도 전주시 완산구 중화산동2가 745-1,1,127.116294,35.822416
535,코오롱하늘채110동옆,옥외,옥외사제형,1연식,전라북도 전주시 완산구 중화산동2가 746-1,1,127.114793,35.824893
536,코오롱하늘채상가앞,옥외,옥외사제형,1연식,전라북도 전주시 완산구 중화산동2가 746-1,1,127.115751,35.82484
537,코오롱하늘채후문,옥외,옥외사제형,1연식,전라북도 전주시 완산구 중화산동2가 746-1,1,127.115013,35.8219
538,서강정형외과앞,옥외,FRP 일반1형,2연식,전라북도 전주시 완산구 태평동 241-3,1,127.137294,35.825382
539,성원로얄맨션,옥외,FRP 비방음,1연식,전라북도 전주시 완산구 태평동 245,1,127.137751,35.826237
540,전주태평SK뷰아파트,옥내,부스무,1연식,전라북도 전주시 완산구 태평동 291,1,127.139387,35.824568
541,종합공구앞,옥외,FRP 일반1형,2연식,전라북도 전주시 완산구 태평동 58-7,1,127.141523,35.822207
542,태평우체국,옥외,FRP 일반1형,2연식,전라북도 전주시 완산구 태평동 61-35,1,127.142047,35.823558
543,중앙여중앞,옥외,FRP 일반1형,2연식,전라북도 전주시 완산구 태평동 6-8,1,127.140887,35.826337
544,평화초등학교입구,옥외,FRP 비방음,1연식,전라북도 전주시 완산구 평화동1가 391-5,1,127.139355,35.798568
545,녹십자병원앞,옥외,FRP 방음,1연식,전라북도 전주시 완산구 평화동1가 406-8,1,127.141456,35.799016
546,삼우아파트입구,옥외,FRP 비방음,2연식,전라북도 전주시 완산구 평화동1가 411,1,127.143152,35.799622
547,평화버스정류장,옥외,FRP 비방음,2연식,전라북도 전주시 완산구 평화동1가 434-15,1,127.141642,35.798386
548,평화주공2차,옥외,FRP 일반1형,2연식,전라북도 전주시 완산구 평화동1가 445-1,1,127.139279,35.7967
549,평화주공3차,옥외,FRP 일반1형,2연식,전라북도 전주시 완산구 평화동1가 445-1,1,127.139717,35.79754
550,평화주공상,옥외,FRP 일반1형,2연식,전라북도 전주시 완산구 평화동1가 445-6,1,127.142211,35.796806
551,평화주공중,옥외,Multi_공중전화부스B,3연식,전라북도 전주시 완산구 평화동1가 445-6,1,127.142211,35.796806
552,평화주공중,옥외,Multi_공중전화부스B,3연식,전라북도 전주시 완산구 평화동1가 445-6,3,127.142211,35.796806
553,평화한성아파트,옥외,FRP 비방음,2연식,전라북도 전주시 완산구 평화동1가 467,1,127.140281,35.794631
554,평화일성아파트,옥외,FRP 하단개방형,2연식,전라북도 전주시 완산구 평화동1가 526,1,127.138775,35.794528
555,완산중입구,옥외,FRP 지체비방음,1연식,전라북도 전주시 완산구 평화동1가 577-13,1,127.138746,35.798027
556,평화병원,옥내,벽걸이,1연식,전라북도 전주시 완산구 평화동1가 589-41,1,127.136845,35.798165
557,평화효성아파트,옥외,FRP 하단개방형,1연식,전라북도 전주시 완산구 평화동1가 593,1,127.133758,35.798055
558,평화농협사거리,옥외,FRP 방음,2연식,전라북도 전주시 완산구 평화동1가 631-1,1,127.131793,35.794972
559,평화주공4차,옥외,FRP 일반1형,2연식,전라북도 전주시 완산구 평화동1가 663-3,1,127.132682,35.792403
560,코오롱아파트,옥외,FRP 비방음,2연식,전라북도 전주시 완산구 평화동1가 696,1,127.134847,35.793053
561,코오롱아파트상가,옥외,FRP 비방음,2연식,전라북도 전주시 완산구 평화동1가 696,1,127.134847,35.793053
562,맥령각건너,옥외,FRP 방음,1연식,전라북도 전주시 완산구 평화동1가 717-12,1,127.136693,35.795292
563,코오롱아파트입구,옥외,FRP 비방음,2연식,전라북도 전주시 완산구 평화동1가 730-4,1,127.143988,35.812967
564,국민은행평화지점앞,옥외,FRP 일반1형,2연식,전라북도 전주시 완산구 평화동1가 736-3,1,127.132384,35.792949
565,평화국민임대아파트,옥외,FRP 일반1형,1연식,전라북도 전주시 완산구 평화동1가 761,1,127.140892,35.793022
566,평화두산경복궁아파트,옥외,FRP 일반1형,2연식,전라북도 전주시 완산구 평화동2가 184-1,1,127.13526,35.787294
567,평화동시립도서관,옥외,FRP 일반1형,1연식,전라북도 전주시 완산구 평화동2가 230-2,1,127.134465,35.790673
568,삼성강남아파트,옥외,FRP 방음,2연식,전라북도 전주시 완산구 평화동2가 259-5,1,127.129859,35.789577
569,평화주공5차,옥외,Multi_공중전화부스G,3연식,전라북도 전주시 완산구 평화동2가 292,1,127.132485,35.790133
570,평화주공5차,옥외,Multi_공중전화부스G,3연식,전라북도 전주시 완산구 평화동2가 292,3,127.132485,35.790133
571,우미아파트,옥외,FRP 비방음,2연식,전라북도 전주시 완산구 평화동2가 312-6,1,127.129192,35.788393
572,평화미송아파트,옥내,부스무,1연식,전라북도 전주시 완산구 평화동2가 325-1,1,127.128432,35.786957
573,평화현대아파트,옥외,FRP 비방음,2연식,전라북도 전주시 완산구 평화동2가 336-6,1,127.133666,35.787584
574,평화동신아파트,옥외,Multi_공중전화부스G,3연식,전라북도 전주시 완산구 평화동2가 567,1,127.12186,35.791564
575,평화동신아파트,옥외,Multi_공중전화부스G,3연식,전라북도 전주시 완산구 평화동2가 567,3,127.12186,35.791564
576,평화동신아파트2차상가,옥외,FRP 지체비방음,1연식,전라북도 전주시 완산구 평화동2가 606-1,1,127.119882,35.791119
577,두산푸른솔아파트,옥외,FRP 비방음,1연식,전라북도 전주시 완산구 평화동2가 712-1,1,127.118718,35.790892
578,평화광진임대아파트,옥외,FRP 비방음,1연식,전라북도 전주시 완산구 평화동2가 713-16,1,127.117962,35.789972
579,평화호반리젠시빌아파트,옥외,FRP 하단개방형,2연식,전라북도 전주시 완산구 평화동2가 889-7,1,127.13243,35.785577
580,평화그린2차정문,옥외,FRP 비방음,3연식,전라북도 전주시 완산구 평화동2가 896-1,1,127.135111,35.785233
581,평화그린2차후문,옥외,FRP 지체비방음,1연식,전라북도 전주시 완산구 평화동2가 896-1,1,127.134238,35.785983
582,평화그린아파트관리실옆,옥외,FRP 비방음,1연식,전라북도 전주시 완산구 평화동2가 897-1,1,127.131231,35.784018
583,평화그린아파트정문,옥외,FRP 비방음,2연식,전라북도 전주시 완산구 평화동2가 897-1,1,127.131052,35.783402
584,평화푸른마을아파트,옥외,FRP 하단개방형,2연식,전라북도 전주시 완산구 평화동2가 941,1,127.137878,35.787591
585,평화송정아파트105동,옥외,FRP 일반1형,2연식,전라북도 전주시 완산구 평화동2가 943,1,127.138045,35.785799
586,평화송정아파트관리소,옥내,벽걸이,1연식,전라북도 전주시 완산구 평화동2가 943,1,127.138045,35.785799
587,전주교도소/남작업실,옥내,부스무,1연식,전라북도 전주시 완산구 평화동3가 99,1,127.131108,35.778949
588,전주교도소/민원실,옥외,FRP 일반1형,2연식,전라북도 전주시 완산구 평화동3가 99,1,127.131108,35.778949
589,전주교도소/여작업실,옥내,부스무,1연식,전라북도 전주시 완산구 평화동3가 99,1,127.131108,35.778949
590,전주교도소/정문,옥외,FRP 비방음,2연식,전라북도 전주시 완산구 평화동3가 99,1,127.131108,35.778949
591,경원농협옆,옥외,FRP 비방음,1연식,전라북도 전주시 완산구 풍남동1가 10-2,1,127.150813,35.819568
592,리베라호텔/소연회장,옥내,사제형,1연식,전라북도 전주시 완산구 풍남동3가 26-5,1,127.154082,35.817064
593,리베라호텔입구,옥외,FRP 일반1형,2연식,전라북도 전주시 완산구 풍남동3가 26-5,1,127.154082,35.817064
594,효자주공3단지/정문,옥외,FRP 방음,2연식,전라북도 전주시 완산구 효자동1가 133,1,127.131326,35.807175
595,효자주공3단지/효자슈퍼,옥외,FRP 하단개방형,1연식,전라북도 전주시 완산구 효자동1가 133,1,127.132636,35.804392
596,맥시칸통닭,옥외,FRP 일반1형,1연식,전라북도 전주시 완산구 효자동1가 157-24,1,127.130095,35.807125
597,파티마건너,옥외,FRP 방음,2연식,전라북도 전주시 완산구 효자동1가 192-23,1,127.126905,35.806209
598,효자삼거리,옥외,FRP 하단개방형,2연식,전라북도 전주시 완산구 효자동1가 193-7,1,127.127946,35.806492
599,파티마신협앞,옥외,FRP 방음,3연식,전라북도 전주시 완산구 효자동1가 195-15,1,127.127109,35.805799
600,대림아파트,옥외,FRP 일반1형,1연식,전라북도 전주시 완산구 효자동1가 205-74,1,127.12818,35.803052
601,명제의원앞,옥외,FRP 일반1형,2연식,전라북도 전주시 완산구 효자동1가 270-25,1,127.121333,35.805889
602,국민은행효자점앞,옥외,FRP 일반1형,2연식,전라북도 전주시 완산구 효자동1가 283-4,1,127.117272,35.806373
603,거성아파트옆,옥외,FRP 일반1형,1연식,전라북도 전주시 완산구 효자동1가 311-1,1,127.121922,35.808057
604,남양아이좋은집,옥외,FRP 일반1형,1연식,전라북도 전주시 완산구 효자동1가 363-1,1,127.112862,35.811651
605,완산방범순찰대,옥외,FRP 비방음,2연식,전라북도 전주시 완산구 효자동1가 364-10,1,127.112085,35.809316
606,완산방범순찰대,옥외,FRP 비방음,2연식,전라북도 전주시 완산구 효자동1가 364-10,2,127.112085,35.809316
607,완산방범순찰대1층(영상),옥내,목재탁상형,1연식,전라북도 전주시 완산구 효자동1가 364-10,1,127.112085,35.809316
608,효자삼호아파트,옥외,FRP 비방음,2연식,전라북도 전주시 완산구 효자동1가 364-3,1,127.113764,35.810222
609,아이스링크,옥외,FRP 일반1형,1연식,전라북도 전주시 완산구 효자동1가 369-11,1,127.114751,35.809567
610,전주기독병원1층,옥내,벽걸이,1연식,전라북도 전주시 완산구 효자동1가 398,1,127.115397,35.808685
611,유진청하아파트,옥외,FRP 일반1형,1연식,전라북도 전주시 완산구 효자동1가 403,1,127.113574,35.809011
612,효자광진라미안아파트,옥외,FRP 비방음,1연식,전라북도 전주시 완산구 효자동1가 408-1,1,127.111131,35.807637
613,효자롯데아파트앞,옥외,FRP 하단개방형,2연식,전라북도 전주시 완산구 효자동1가 414,1,127.112454,35.807622
614,효자성원맨션,옥외,FRP 비방음,1연식,전라북도 전주시 완산구 효자동1가 415-2,1,127.113828,35.808302
615,효자현대아파트내,옥외,FRP 하단개방형,2연식,전라북도 전주시 완산구 효자동1가 418,1,127.112368,35.803801
616,대명까치아파트,옥외,FRP 일반1형,2연식,전라북도 전주시 완산구 효자동1가 45,1,127.13817,35.807009
617,세계로약국앞,옥외,FRP 일반1형,2연식,전라북도 전주시 완산구 효자동1가 548-1,1,127.122389,35.805736
618,큐노래연습장앞,옥외,FRP 방음,1연식,전라북도 전주시 완산구 효자동1가 562-6,1,127.123494,35.804153
619,큐노래연습장앞,옥외,FRP 방음,1연식,전라북도 전주시 완산구 효자동1가 562-6,2,127.123494,35.804153
620,상산고옆도로,옥외,FRP 비방음,1연식,전라북도 전주시 완산구 효자동1가 579-3,1,127.116996,35.802979
621,엘에이승강장,옥외,FRP 방음,1연식,전라북도 전주시 완산구 효자동1가 593-5,1,127.117707,35.812488
622,완산구청정문,옥내,부스무,1연식,전라북도 전주시 완산구 효자동1가 595,1,127.119953,35.812158
623,먹자골목,옥외,FRP 방음,1연식,전라북도 전주시 완산구 효자동1가 607-7,1,127.114882,35.811478
624,한양운남아파트,옥외,FRP 일반1형,2연식,전라북도 전주시 완산구 효자동1가 635-1,1,127.122396,35.810158
625,신일우남아파트,옥외,FRP 일반1형,2연식,전라북도 전주시 완산구 효자동1가 635-2,1,127.121094,35.810328
626,효자제일아파트,옥외,FRP 일반1형,1연식,전라북도 전주시 완산구 효자동1가 636,1,127.12043,35.809257
627,서도프라자입구,옥외,FRP 비방음,2연식,전라북도 전주시 완산구 효자동1가 650,1,127.113484,35.805585
628,효자3동우체국앞,옥외,FRP 일반1형,1연식,전라북도 전주시 완산구 효자동1가 651-1,1,127.114305,35.80468
629,비사벌동편,옥외,FRP 비방음,2연식,전라북도 전주시 완산구 효자동1가 652,1,127.114924,35.803437
630,비사벌서편,옥외,FRP 비방음,2연식,전라북도 전주시 완산구 효자동1가 652,1,127.114924,35.803437
631,삼천제일아파트,옥외,FRP 비방음,2연식,전라북도 전주시 완산구 효자동1가 654,1,127.114858,35.801595
632,쌍용모악아파트,옥외,FRP 비방음,2연식,전라북도 전주시 완산구 효자동1가 654-2,1,127.115615,35.800884
633,효자한강아파트,옥외,FRP 비방음,2연식,전라북도 전주시 완산구 효자동1가 660-1,1,127.11326,35.801816
634,금호타운,옥외,FRP 일반1형,2연식,전라북도 전주시 완산구 효자동1가 98,1,127.130475,35.803248
635,포스코더샵1차아파트,옥외,옥외사제형,2연식,전라북도 전주시 완산구 효자동2가 100-1,1,127.108921,35.810616
636,전주공전/본관앞,옥외,FRP 비방음,1연식,전라북도 전주시 완산구 효자동2가 1070,1,127.08727,35.809485
637,전주공전/학생회관앞,옥외,FRP 비방음,2연식,전라북도 전주시 완산구 효자동2가 1070,1,127.088645,35.813348
638,우전초등학교정류장,옥외,FRP 비방음,1연식,전라북도 전주시 완산구 효자동2가 221-6,1,127.108822,35.804346
639,우전초등학교정류장,옥외,FRP 비방음,1연식,전라북도 전주시 완산구 효자동2가 221-6,2,127.108822,35.804346
640,완산수영장,옥외,FRP 비방음,1연식,전라북도 전주시 완산구 효자동2가 235-1,1,127.10594,35.802647
641,전라북도교육청,옥외,FRP 일반1형,2연식,전라북도 전주시 완산구 효자동2가 344-1,1,127.10243,35.804121
642,전일고등학교,옥내,벽걸이,1연식,전라북도 전주시 완산구 효자동2가 619,1,127.100639,35.815726
643,엘드수목토아파트,옥외,FRP 하단개방형,2연식,전라북도 전주시 완산구 효자동2가 70,1,127.109305,35.812096
644,박물관,옥외,FRP 방음,1연식,전라북도 전주시 완산구 효자동2가 900,1,127.089835,35.80128
645,도청/버스승강장,옥외,옥외사제형,2연식,전라북도 전주시 완산구 효자동3가 1,1,127.108785,35.820344
646,도청/택시승강장,옥외,옥외사제형,2연식,전라북도 전주시 완산구 효자동3가 1,1,127.108785,35.820344
647,전주대버스종점,옥외,FRP 비방음,1연식,전라북도 전주시 완산구 효자동3가 1141-10,1,127.090718,35.819566
648,전주대입구삼거리좌,옥외,FRP 하단개방형,2연식,전라북도 전주시 완산구 효자동3가 1159-12,1,127.092464,35.817765
649,전주대입구삼거리우,옥외,FRP 하단개방형,2연식,전라북도 전주시 완산구 효자동3가 1167-1,1,127.09218,35.818225
650,전주대입구,옥외,FRP 하단개방형,2연식,전라북도 전주시 완산구 효자동3가 1174-1,1,127.089883,35.817268
651,전주영생고앞,옥외,FRP 일반1형,2연식,전라북도 전주시 완산구 효자동3가 1191-12,1,127.094481,35.816029
652,전주대/경상대옆,옥외,FRP 일반1형,2연식,전라북도 전주시 완산구 효자동3가 1203,1,127.088433,35.813895
653,전주대/스타타워생활관1층,옥내,목재탁상형,1연식,전라북도 전주시 완산구 효자동3가 1203,1,127.089061,35.816348
654,전주대/학생회관앞1,옥외,FRP 방음,2연식,전라북도 전주시 완산구 효자동3가 1203,1,127.088645,35.813348
655,전주대로타리,옥외,FRP 방음,2연식,전라북도 전주시 완산구 효자동3가 1203,1,127.088433,35.813895
656,동암재활원,옥내,벽걸이,1연식,전라북도 전주시 완산구 효자동3가 1215-5,1,127.093054,35.810697
657,서곡효자4동우체국,옥외,FRP 하단개방형,2연식,전라북도 전주시 완산구 효자동3가 1407-2,1,127.102951,35.836732
658,서곡동서로마트,옥외,FRP 비방음,1연식,전라북도 전주시 완산구 효자동3가 1455,1,127.099536,35.83444
659,서곡엘지아파트,옥외,FRP 일반1형,1연식,전라북도 전주시 완산구 효자동3가 1473-1,1,127.097904,35.833831
660,서곡엘지아파트,옥외,FRP 일반1형,1연식,전라북도 전주시 완산구 효자동3가 1473-1,2,127.097904,35.833831
661,서곡현대아파트,옥외,FRP 일반1형,1연식,전라북도 전주시 완산구 효자동3가 1473-2,1,127.098959,35.83328
662,서곡대림아파트,옥외,FRP 일반1형,2연식,전라북도 전주시 완산구 효자동3가 1473-5,1,127.097316,35.832754
663,서곡주공입구,옥외,FRP 비방음,2연식,전라북도 전주시 완산구 효자동3가 1482-1,1,127.096358,35.831572
664,서곡청솔아파트,옥외,FRP 일반1형,2연식,전라북도 전주시 완산구 효자동3가 1483-1,1,127.099566,35.831932
665,서곡두산아파트,옥외,FRP 일반1형,2연식,전라북도 전주시 완산구 효자동3가 1483-2,1,127.09816,35.830936
666,현대아이파크아파트,옥외,일반A형 SV-1,1연식,전라북도 전주시 완산구 효자동3가 1524-1,1,127.107718,35.827831
667,전북지방경찰청/별관2층,옥내,부스무,1연식,전라북도 전주시 완산구 효자동3가 1628,1,127.105043,35.824242
668,효자호남빌딩건너,옥외,FRP 일반1형,1연식,전라북도 전주시 완산구 효자동3가 37-43,1,127.113141,35.813702
